DECLARE @Date DATETIME;
SET @Date = GETDATE();


INSERT INTO [dbo].[plp_pipeline] ([pipeline_code],[subject_area_code],[description],[comment],[active],[touched_by],[touched_dtm],[sec_sa_id])
	VALUES ('pl_cost_types_mcpm_master_pipeline','NCSA','Load Cost-types MCPM Data',NULL,1,'abhijit.kharat@mcdermott.com',@Date,47)
INSERT INTO [dbo].[plp_pipeline] ([pipeline_code],[subject_area_code],[description],[comment],[active],[touched_by],[touched_dtm],[sec_sa_id])
	VALUES ('pl_cost_types_mcpm_stage_to_raw','NCSA','Load Cost-types MCPM Data',NULL,1,'abhijit.kharat@mcdermott.com',@Date,47)
INSERT INTO [dbo].[plp_pipeline] ([pipeline_code],[subject_area_code],[description],[comment],[active],[touched_by],[touched_dtm],[sec_sa_id])
	VALUES ('pl_cost_types_mcpm_source_to_stage','NCSA','Load Cost-types MCPM Data',NULL,1,'abhijit.kharat@mcdermott.com',@Date,47)
INSERT INTO [dbo].[plp_pipeline] ([pipeline_code],[subject_area_code],[description],[comment],[active],[touched_by],[touched_dtm],[sec_sa_id])
	VALUES ('pl_cost_types_mcpm_raw_to_synapse','NCSA','Load Cost-types MCPM Data',NULL,1,'abhijit.kharat@mcdermott.com',@Date,47)

INSERT INTO [dbo].[plp_pipeline] ([pipeline_code],[subject_area_code],[description],[comment],[active],[touched_by],[touched_dtm],[sec_sa_id])
	VALUES ('pl_contract_mcpm_master_pipeline','NCSA','Load Contract MCPM Data',NULL,1,'abhijit.kharat@mcdermott.com',@Date,47)
INSERT INTO [dbo].[plp_pipeline] ([pipeline_code],[subject_area_code],[description],[comment],[active],[touched_by],[touched_dtm],[sec_sa_id])
	VALUES ('pl_contract_mcpm_raw_to_synapse','NCSA','Load Contract MCPM Data',NULL,1,'abhijit.kharat@mcdermott.com',@Date,47)
INSERT INTO [dbo].[plp_pipeline] ([pipeline_code],[subject_area_code],[description],[comment],[active],[touched_by],[touched_dtm],[sec_sa_id])
	VALUES ('pl_contract_mcpm_source_to_stage','NCSA','Load Contract MCPM Data',NULL,1,'abhijit.kharat@mcdermott.com',@Date,47)
INSERT INTO [dbo].[plp_pipeline] ([pipeline_code],[subject_area_code],[description],[comment],[active],[touched_by],[touched_dtm],[sec_sa_id])
	VALUES ('pl_contract_mcpm_stage_to_raw','NCSA','Load Contract MCPM Data',NULL,1,'abhijit.kharat@mcdermott.com',@Date,47)

INSERT INTO [dbo].[plp_pipeline] ([pipeline_code],[subject_area_code],[description],[comment],[active],[touched_by],[touched_dtm],[sec_sa_id])
	VALUES ('pl_coa_units_workarea_mcpm_source_to_stage','NCSA','Load CoA Units WorkArea MCPM Data',NULL,1,'abhijit.kharat@mcdermott.com',@Date,47)
INSERT INTO [dbo].[plp_pipeline] ([pipeline_code],[subject_area_code],[description],[comment],[active],[touched_by],[touched_dtm],[sec_sa_id])
	VALUES ('pl_coa_units_workarea_mcpm_stage_to_raw','NCSA','Load CoA Units WorkArea MCPM Data',NULL,1,'abhijit.kharat@mcdermott.com',@Date,47)
INSERT INTO [dbo].[plp_pipeline] ([pipeline_code],[subject_area_code],[description],[comment],[active],[touched_by],[touched_dtm],[sec_sa_id])
	VALUES ('pl_coa_units_workarea_mcpm_raw_to_synapse','NCSA','Load CoA Units WorkArea MCPM Data',NULL,1,'abhijit.kharat@mcdermott.com',@Date,47)
INSERT INTO [dbo].[plp_pipeline] ([pipeline_code],[subject_area_code],[description],[comment],[active],[touched_by],[touched_dtm],[sec_sa_id])
	VALUES ('pl_coa_units_workarea_mcpm_master_pipeline','NCSA','Load CoA Units WorkArea MCPM Data',NULL,1,'abhijit.kharat@mcdermott.com',@Date,47)


INSERT INTO [dbo].[plp_pipeline_parameter] ([pipeline_code],[pipeline_sub_code],[parameter_code],[display_order],[source_column_name],[source_operator],[comment],[active],[touched_by],[touched_dtm]) 
VALUES('pl_cost_types_mcpm_raw_to_synapse','MCPM','last_run_start_date',1,'last_run_start_date','IN',NULL,1,'abhijit.kharat@mcdermott.com',@Date)
INSERT INTO [dbo].[plp_pipeline_parameter] ([pipeline_code],[pipeline_sub_code],[parameter_code],[display_order],[source_column_name],[source_operator],[comment],[active],[touched_by],[touched_dtm]) 
VALUES('pl_cost_types_mcpm_raw_to_synapse','MCPM','last_run_end_date',2,'last_run_end_date','IN',NULL,1,'abhijit.kharat@mcdermott.com',@Date)
INSERT INTO [dbo].[plp_pipeline_parameter] ([pipeline_code],[pipeline_sub_code],[parameter_code],[display_order],[source_column_name],[source_operator],[comment],[active],[touched_by],[touched_dtm]) 
VALUES('pl_cost_types_mcpm_source_to_stage','MCPM','start_date',1,'start_date','IN',NULL,1,'abhijit.kharat@mcdermott.com',@Date)
INSERT INTO [dbo].[plp_pipeline_parameter] ([pipeline_code],[pipeline_sub_code],[parameter_code],[display_order],[source_column_name],[source_operator],[comment],[active],[touched_by],[touched_dtm]) 
VALUES('pl_cost_types_mcpm_source_to_stage','MCPM','end_date',2,'end_date','IN',NULL,1,'abhijit.kharat@mcdermott.com',@Date)
INSERT INTO [dbo].[plp_pipeline_parameter] ([pipeline_code],[pipeline_sub_code],[parameter_code],[display_order],[source_column_name],[source_operator],[comment],[active],[touched_by],[touched_dtm]) 
VALUES('pl_cost_types_mcpm_source_to_stage','MCPM','file_system',3,'file_system','IN',NULL,1,'abhijit.kharat@mcdermott.com',@Date)
INSERT INTO [dbo].[plp_pipeline_parameter] ([pipeline_code],[pipeline_sub_code],[parameter_code],[display_order],[source_column_name],[source_operator],[comment],[active],[touched_by],[touched_dtm]) 
VALUES('pl_cost_types_mcpm_source_to_stage','MCPM','folder_path',4,'folder_path','IN',NULL,1,'abhijit.kharat@mcdermott.com',@Date)
INSERT INTO [dbo].[plp_pipeline_parameter] ([pipeline_code],[pipeline_sub_code],[parameter_code],[display_order],[source_column_name],[source_operator],[comment],[active],[touched_by],[touched_dtm]) 
VALUES('pl_cost_types_mcpm_source_to_stage','MCPM','file_name',5,'file_name','IN',NULL,1,'abhijit.kharat@mcdermott.com',@Date)
INSERT INTO [dbo].[plp_pipeline_parameter] ([pipeline_code],[pipeline_sub_code],[parameter_code],[display_order],[source_column_name],[source_operator],[comment],[active],[touched_by],[touched_dtm]) 
VALUES('pl_cost_types_mcpm_source_to_stage','MCPM','project',6,'project','IN',NULL,1,'abhijit.kharat@mcdermott.com',@Date)
INSERT INTO [dbo].[plp_pipeline_parameter] ([pipeline_code],[pipeline_sub_code],[parameter_code],[display_order],[source_column_name],[source_operator],[comment],[active],[touched_by],[touched_dtm]) 
VALUES('pl_cost_types_mcpm_stage_to_raw','MCPM','lastrundate',1,'lastrundate','IN',NULL,1,'abhijit.kharat@mcdermott.com',@Date)
INSERT INTO [dbo].[plp_pipeline_parameter] ([pipeline_code],[pipeline_sub_code],[parameter_code],[display_order],[source_column_name],[source_operator],[comment],[active],[touched_by],[touched_dtm]) 
VALUES('pl_cost_types_mcpm_stage_to_raw','MCPM','file_system',2,'file_system','IN',NULL,1,'abhijit.kharat@mcdermott.com',@Date)
INSERT INTO [dbo].[plp_pipeline_parameter] ([pipeline_code],[pipeline_sub_code],[parameter_code],[display_order],[source_column_name],[source_operator],[comment],[active],[touched_by],[touched_dtm]) 
VALUES('pl_cost_types_mcpm_stage_to_raw','MCPM','folder_path',3,'folder_path','IN',NULL,1,'abhijit.kharat@mcdermott.com',@Date)
INSERT INTO [dbo].[plp_pipeline_parameter] ([pipeline_code],[pipeline_sub_code],[parameter_code],[display_order],[source_column_name],[source_operator],[comment],[active],[touched_by],[touched_dtm]) 
VALUES('pl_cost_types_mcpm_stage_to_raw','MCPM','file_name',4,'file_name','IN',NULL,1,'abhijit.kharat@mcdermott.com',@Date)

INSERT INTO [dbo].[plp_pipeline_parameter] ([pipeline_code],[pipeline_sub_code],[parameter_code],[display_order],[source_column_name],[source_operator],[comment],[active],[touched_by],[touched_dtm]) 
VALUES('pl_contract_mcpm_raw_to_synapse','MCPM','last_run_start_date',1,'last_run_start_date','IN',NULL,1,'abhijit.kharat@mcdermott.com',@Date)
INSERT INTO [dbo].[plp_pipeline_parameter] ([pipeline_code],[pipeline_sub_code],[parameter_code],[display_order],[source_column_name],[source_operator],[comment],[active],[touched_by],[touched_dtm]) 
VALUES('pl_contract_mcpm_raw_to_synapse','MCPM','last_run_end_date',2,'last_run_end_date','IN',NULL,1,'abhijit.kharat@mcdermott.com',@Date)
INSERT INTO [dbo].[plp_pipeline_parameter] ([pipeline_code],[pipeline_sub_code],[parameter_code],[display_order],[source_column_name],[source_operator],[comment],[active],[touched_by],[touched_dtm]) 
VALUES('pl_contract_mcpm_source_to_stage','MCPM','start_date',1,'start_date','IN',NULL,1,'abhijit.kharat@mcdermott.com',@Date)
INSERT INTO [dbo].[plp_pipeline_parameter] ([pipeline_code],[pipeline_sub_code],[parameter_code],[display_order],[source_column_name],[source_operator],[comment],[active],[touched_by],[touched_dtm]) 
VALUES('pl_contract_mcpm_source_to_stage','MCPM','end_date',2,'end_date','IN',NULL,1,'abhijit.kharat@mcdermott.com',@Date)
INSERT INTO [dbo].[plp_pipeline_parameter] ([pipeline_code],[pipeline_sub_code],[parameter_code],[display_order],[source_column_name],[source_operator],[comment],[active],[touched_by],[touched_dtm]) 
VALUES('pl_contract_mcpm_source_to_stage','MCPM','file_system',3,'file_system','IN',NULL,1,'abhijit.kharat@mcdermott.com',@Date)
INSERT INTO [dbo].[plp_pipeline_parameter] ([pipeline_code],[pipeline_sub_code],[parameter_code],[display_order],[source_column_name],[source_operator],[comment],[active],[touched_by],[touched_dtm]) 
VALUES('pl_contract_mcpm_source_to_stage','MCPM','folder_path',4,'folder_path','IN',NULL,1,'abhijit.kharat@mcdermott.com',@Date)
INSERT INTO [dbo].[plp_pipeline_parameter] ([pipeline_code],[pipeline_sub_code],[parameter_code],[display_order],[source_column_name],[source_operator],[comment],[active],[touched_by],[touched_dtm]) 
VALUES('pl_contract_mcpm_source_to_stage','MCPM','file_name',5,'file_name','IN',NULL,1,'abhijit.kharat@mcdermott.com',@Date)
INSERT INTO [dbo].[plp_pipeline_parameter] ([pipeline_code],[pipeline_sub_code],[parameter_code],[display_order],[source_column_name],[source_operator],[comment],[active],[touched_by],[touched_dtm]) 
VALUES('pl_contract_mcpm_source_to_stage','MCPM','project',6,'project','IN',NULL,1,'abhijit.kharat@mcdermott.com',@Date)
INSERT INTO [dbo].[plp_pipeline_parameter] ([pipeline_code],[pipeline_sub_code],[parameter_code],[display_order],[source_column_name],[source_operator],[comment],[active],[touched_by],[touched_dtm]) 
VALUES('pl_contract_mcpm_stage_to_raw','MCPM','lastrundate',1,'lastrundate','IN',NULL,1,'abhijit.kharat@mcdermott.com',@Date)
INSERT INTO [dbo].[plp_pipeline_parameter] ([pipeline_code],[pipeline_sub_code],[parameter_code],[display_order],[source_column_name],[source_operator],[comment],[active],[touched_by],[touched_dtm]) 
VALUES('pl_contract_mcpm_stage_to_raw','MCPM','file_system',2,'file_system','IN',NULL,1,'abhijit.kharat@mcdermott.com',@Date)
INSERT INTO [dbo].[plp_pipeline_parameter] ([pipeline_code],[pipeline_sub_code],[parameter_code],[display_order],[source_column_name],[source_operator],[comment],[active],[touched_by],[touched_dtm]) 
VALUES('pl_contract_mcpm_stage_to_raw','MCPM','folder_path',3,'folder_path','IN',NULL,1,'abhijit.kharat@mcdermott.com',@Date)
INSERT INTO [dbo].[plp_pipeline_parameter] ([pipeline_code],[pipeline_sub_code],[parameter_code],[display_order],[source_column_name],[source_operator],[comment],[active],[touched_by],[touched_dtm]) 
VALUES('pl_contract_mcpm_stage_to_raw','MCPM','file_name',4,'file_name','IN',NULL,1,'abhijit.kharat@mcdermott.com',@Date)

INSERT INTO [dbo].[plp_pipeline_parameter] ([pipeline_code],[pipeline_sub_code],[parameter_code],[display_order],[source_column_name],[source_operator],[comment],[active],[touched_by],[touched_dtm]) 
VALUES('pl_coa_units_workarea_mcpm_raw_to_synapse','MCPM','last_run_start_date',1,'last_run_start_date','IN',NULL,1,'abhijit.kharat@mcdermott.com',@Date)
INSERT INTO [dbo].[plp_pipeline_parameter] ([pipeline_code],[pipeline_sub_code],[parameter_code],[display_order],[source_column_name],[source_operator],[comment],[active],[touched_by],[touched_dtm]) 
VALUES('pl_coa_units_workarea_mcpm_raw_to_synapse','MCPM','last_run_end_date',2,'last_run_end_date','IN',NULL,1,'abhijit.kharat@mcdermott.com',@Date)
INSERT INTO [dbo].[plp_pipeline_parameter] ([pipeline_code],[pipeline_sub_code],[parameter_code],[display_order],[source_column_name],[source_operator],[comment],[active],[touched_by],[touched_dtm]) 
VALUES('pl_coa_units_workarea_mcpm_source_to_stage','MCPM','start_date',1,'start_date','IN',NULL,1,'abhijit.kharat@mcdermott.com',@Date)
INSERT INTO [dbo].[plp_pipeline_parameter] ([pipeline_code],[pipeline_sub_code],[parameter_code],[display_order],[source_column_name],[source_operator],[comment],[active],[touched_by],[touched_dtm]) 
VALUES('pl_coa_units_workarea_mcpm_source_to_stage','MCPM','end_date',2,'end_date','IN',NULL,1,'abhijit.kharat@mcdermott.com',@Date)
INSERT INTO [dbo].[plp_pipeline_parameter] ([pipeline_code],[pipeline_sub_code],[parameter_code],[display_order],[source_column_name],[source_operator],[comment],[active],[touched_by],[touched_dtm]) 
VALUES('pl_coa_units_workarea_mcpm_source_to_stage','MCPM','file_system',3,'file_system','IN',NULL,1,'abhijit.kharat@mcdermott.com',@Date)
INSERT INTO [dbo].[plp_pipeline_parameter] ([pipeline_code],[pipeline_sub_code],[parameter_code],[display_order],[source_column_name],[source_operator],[comment],[active],[touched_by],[touched_dtm]) 
VALUES('pl_coa_units_workarea_mcpm_source_to_stage','MCPM','folder_path',4,'folder_path','IN',NULL,1,'abhijit.kharat@mcdermott.com',@Date)
INSERT INTO [dbo].[plp_pipeline_parameter] ([pipeline_code],[pipeline_sub_code],[parameter_code],[display_order],[source_column_name],[source_operator],[comment],[active],[touched_by],[touched_dtm]) 
VALUES('pl_coa_units_workarea_mcpm_source_to_stage','MCPM','file_name',5,'file_name','IN',NULL,1,'abhijit.kharat@mcdermott.com',@Date)
INSERT INTO [dbo].[plp_pipeline_parameter] ([pipeline_code],[pipeline_sub_code],[parameter_code],[display_order],[source_column_name],[source_operator],[comment],[active],[touched_by],[touched_dtm]) 
VALUES('pl_coa_units_workarea_mcpm_source_to_stage','MCPM','project',6,'project','IN',NULL,1,'abhijit.kharat@mcdermott.com',@Date)
INSERT INTO [dbo].[plp_pipeline_parameter] ([pipeline_code],[pipeline_sub_code],[parameter_code],[display_order],[source_column_name],[source_operator],[comment],[active],[touched_by],[touched_dtm]) 
VALUES('pl_coa_units_workarea_mcpm_stage_to_raw','MCPM','lastrundate',1,'lastrundate','IN',NULL,1,'abhijit.kharat@mcdermott.com',@Date)
INSERT INTO [dbo].[plp_pipeline_parameter] ([pipeline_code],[pipeline_sub_code],[parameter_code],[display_order],[source_column_name],[source_operator],[comment],[active],[touched_by],[touched_dtm]) 
VALUES('pl_coa_units_workarea_mcpm_stage_to_raw','MCPM','file_system',2,'file_system','IN',NULL,1,'abhijit.kharat@mcdermott.com',@Date)
INSERT INTO [dbo].[plp_pipeline_parameter] ([pipeline_code],[pipeline_sub_code],[parameter_code],[display_order],[source_column_name],[source_operator],[comment],[active],[touched_by],[touched_dtm]) 
VALUES('pl_coa_units_workarea_mcpm_stage_to_raw','MCPM','folder_path',3,'folder_path','IN',NULL,1,'abhijit.kharat@mcdermott.com',@Date)
INSERT INTO [dbo].[plp_pipeline_parameter] ([pipeline_code],[pipeline_sub_code],[parameter_code],[display_order],[source_column_name],[source_operator],[comment],[active],[touched_by],[touched_dtm]) 
VALUES('pl_coa_units_workarea_mcpm_stage_to_raw','MCPM','file_name',4,'file_name','IN',NULL,1,'abhijit.kharat@mcdermott.com',@Date)


INSERT INTO [dbo].[plp_parameter_value] ([parameter_code],[parameter_value],[active],[touched_by],[touched_dtm],[pipeline_code],[pipeline_sub_code])
     VALUES('last_run_end_date','currdate',1,'abhijit.kharat@mcdermott.com',@Date,'pl_cost_types_mcpm_raw_to_synapse','MCPM')
INSERT INTO [dbo].[plp_parameter_value] ([parameter_code],[parameter_value],[active],[touched_by],[touched_dtm],[pipeline_code],[pipeline_sub_code])
     VALUES('last_run_start_date','2023-03-30 06:51:34.123',1,'abhijit.kharat@mcdermott.com',@Date,'pl_cost_types_mcpm_raw_to_synapse','MCPM')
INSERT INTO [dbo].[plp_parameter_value] ([parameter_code],[parameter_value],[active],[touched_by],[touched_dtm],[pipeline_code],[pipeline_sub_code])
     VALUES('project','99236910,99185710,N8585,D7029,D7072,D7068,99350106,R4036,R3973,E0660,N8196,D6978,N8318,99356968,D7317,99357972,990E0841,99356420,D7521,D7512,D7415,D7264,99241222,R3507,D6847,D7018,D7531,D7532,D7533',1,'abhijit.kharat@mcdermott.com',@Date,'pl_cost_types_mcpm_source_to_stage','MCPM')
INSERT INTO [dbo].[plp_parameter_value] ([parameter_code],[parameter_value],[active],[touched_by],[touched_dtm],[pipeline_code],[pipeline_sub_code])
     VALUES('folder_path','Project_Data/NCSA/MCPM/CostTypes',1,'abhijit.kharat@mcdermott.com',@Date,'pl_cost_types_mcpm_source_to_stage','MCPM')
INSERT INTO [dbo].[plp_parameter_value] ([parameter_code],[parameter_value],[active],[touched_by],[touched_dtm],[pipeline_code],[pipeline_sub_code])
     VALUES('file_system','mdr-staging-data',1,'abhijit.kharat@mcdermott.com',@Date,'pl_cost_types_mcpm_source_to_stage','MCPM')
INSERT INTO [dbo].[plp_parameter_value] ([parameter_code],[parameter_value],[active],[touched_by],[touched_dtm],[pipeline_code],[pipeline_sub_code])
     VALUES('start_date','2023-03-31 05:22:20',1,'abhijit.kharat@mcdermott.com',@Date,'pl_cost_types_mcpm_source_to_stage','MCPM')
INSERT INTO [dbo].[plp_parameter_value] ([parameter_code],[parameter_value],[active],[touched_by],[touched_dtm],[pipeline_code],[pipeline_sub_code])
     VALUES('file_name','CostTypes_MCPM',1,'abhijit.kharat@mcdermott.com',@Date,'pl_cost_types_mcpm_source_to_stage','MCPM')
INSERT INTO [dbo].[plp_parameter_value] ([parameter_code],[parameter_value],[active],[touched_by],[touched_dtm],[pipeline_code],[pipeline_sub_code])
     VALUES('end_date','currdate',1,'abhijit.kharat@mcdermott.com',@Date,'pl_cost_types_mcpm_source_to_stage','MCPM')
INSERT INTO [dbo].[plp_parameter_value] ([parameter_code],[parameter_value],[active],[touched_by],[touched_dtm],[pipeline_code],[pipeline_sub_code])
     VALUES('folder_path','Project_Data/NCSA/MCPM/CostTypes',1,'abhijit.kharat@mcdermott.com',@Date,'pl_cost_types_mcpm_stage_to_raw','MCPM')
INSERT INTO [dbo].[plp_parameter_value] ([parameter_code],[parameter_value],[active],[touched_by],[touched_dtm],[pipeline_code],[pipeline_sub_code])
     VALUES('file_system','mdr-raw-data',1,'abhijit.kharat@mcdermott.com',@Date,'pl_cost_types_mcpm_stage_to_raw','MCPM')
INSERT INTO [dbo].[plp_parameter_value] ([parameter_code],[parameter_value],[active],[touched_by],[touched_dtm],[pipeline_code],[pipeline_sub_code])
     VALUES('lastrundate','2023-03-31 05:24:12.184',1,'abhijit.kharat@mcdermott.com',@Date,'pl_cost_types_mcpm_stage_to_raw','MCPM')
INSERT INTO [dbo].[plp_parameter_value] ([parameter_code],[parameter_value],[active],[touched_by],[touched_dtm],[pipeline_code],[pipeline_sub_code])
     VALUES('file_name','CostTypes_MCPM',1,'abhijit.kharat@mcdermott.com',@Date,'pl_cost_types_mcpm_stage_to_raw','MCPM')

INSERT INTO [dbo].[plp_parameter_value] ([parameter_code],[parameter_value],[active],[touched_by],[touched_dtm],[pipeline_code],[pipeline_sub_code])
     VALUES('last_run_end_date','currdate',1,'abhijit.kharat@mcdermott.com',@Date,'pl_contract_mcpm_raw_to_synapse','MCPM')
INSERT INTO [dbo].[plp_parameter_value] ([parameter_code],[parameter_value],[active],[touched_by],[touched_dtm],[pipeline_code],[pipeline_sub_code])
     VALUES('last_run_start_date','2023-04-06 09:17:40.323',1,'abhijit.kharat@mcdermott.com',@Date,'pl_contract_mcpm_raw_to_synapse','MCPM')
INSERT INTO [dbo].[plp_parameter_value] ([parameter_code],[parameter_value],[active],[touched_by],[touched_dtm],[pipeline_code],[pipeline_sub_code])
     VALUES('file_name','Contract_MCPM',1,'abhijit.kharat@mcdermott.com',@Date,'pl_contract_mcpm_source_to_stage','MCPM')
INSERT INTO [dbo].[plp_parameter_value] ([parameter_code],[parameter_value],[active],[touched_by],[touched_dtm],[pipeline_code],[pipeline_sub_code])
     VALUES('folder_path','Project_Data/NCSA/MCPM/Contract',1,'abhijit.kharat@mcdermott.com',@Date,'pl_contract_mcpm_source_to_stage','MCPM')
INSERT INTO [dbo].[plp_parameter_value] ([parameter_code],[parameter_value],[active],[touched_by],[touched_dtm],[pipeline_code],[pipeline_sub_code])
     VALUES('file_system','mdr-staging-data',1,'abhijit.kharat@mcdermott.com',@Date,'pl_contract_mcpm_source_to_stage','MCPM')
INSERT INTO [dbo].[plp_parameter_value] ([parameter_code],[parameter_value],[active],[touched_by],[touched_dtm],[pipeline_code],[pipeline_sub_code])
     VALUES('end_date','currdate',1,'abhijit.kharat@mcdermott.com',@Date,'pl_contract_mcpm_source_to_stage','MCPM')
INSERT INTO [dbo].[plp_parameter_value] ([parameter_code],[parameter_value],[active],[touched_by],[touched_dtm],[pipeline_code],[pipeline_sub_code])
     VALUES('project','99236910,99185710,N8585,D7029,D7072,D7068,99350106,R4036,R3973,E0660,N8196,D6978,N8318,99356968,D7317,99357972,990E0841,99356420,D7521,D7512,D7415,D7264,99241222,R3507,D6847,D7018,D7531,D7532,D7533',1,'abhijit.kharat@mcdermott.com',@Date,'pl_contract_mcpm_source_to_stage','MCPM')
INSERT INTO [dbo].[plp_parameter_value] ([parameter_code],[parameter_value],[active],[touched_by],[touched_dtm],[pipeline_code],[pipeline_sub_code])
     VALUES('start_date','2023-04-06 09:16:04',1,'abhijit.kharat@mcdermott.com',@Date,'pl_contract_mcpm_source_to_stage','MCPM')
INSERT INTO [dbo].[plp_parameter_value] ([parameter_code],[parameter_value],[active],[touched_by],[touched_dtm],[pipeline_code],[pipeline_sub_code])
     VALUES('lastrundate','2023-04-06 09:17:25.139',1,'abhijit.kharat@mcdermott.com',@Date,'pl_contract_mcpm_stage_to_raw','MCPM')
INSERT INTO [dbo].[plp_parameter_value] ([parameter_code],[parameter_value],[active],[touched_by],[touched_dtm],[pipeline_code],[pipeline_sub_code])
     VALUES('file_name','Contract_MCPM',1,'abhijit.kharat@mcdermott.com',@Date,'pl_contract_mcpm_stage_to_raw','MCPM')
INSERT INTO [dbo].[plp_parameter_value] ([parameter_code],[parameter_value],[active],[touched_by],[touched_dtm],[pipeline_code],[pipeline_sub_code])
     VALUES('folder_path','Project_Data/NCSA/MCPM/Contract',1,'abhijit.kharat@mcdermott.com',@Date,'pl_contract_mcpm_stage_to_raw','MCPM')
INSERT INTO [dbo].[plp_parameter_value] ([parameter_code],[parameter_value],[active],[touched_by],[touched_dtm],[pipeline_code],[pipeline_sub_code])
     VALUES('file_system','mdr-raw-data',1,'abhijit.kharat@mcdermott.com',@Date,'pl_contract_mcpm_stage_to_raw','MCPM')

INSERT INTO [dbo].[plp_parameter_value] ([parameter_code],[parameter_value],[active],[touched_by],[touched_dtm],[pipeline_code],[pipeline_sub_code])
     VALUES('last_run_start_date','2023-04-11 05:40:12.717',1,'abhijit.kharat@mcdermott.com',@Date,'pl_coa_units_workarea_mcpm_raw_to_synapse','MCPM')
INSERT INTO [dbo].[plp_parameter_value] ([parameter_code],[parameter_value],[active],[touched_by],[touched_dtm],[pipeline_code],[pipeline_sub_code])
     VALUES('last_run_end_date','currdate',1,'abhijit.kharat@mcdermott.com',@Date,'pl_coa_units_workarea_mcpm_raw_to_synapse','MCPM')
INSERT INTO [dbo].[plp_parameter_value] ([parameter_code],[parameter_value],[active],[touched_by],[touched_dtm],[pipeline_code],[pipeline_sub_code])
     VALUES('file_name','CoA_UnitsWorkArea_MCPM',1,'abhijit.kharat@mcdermott.com',@Date,'pl_coa_units_workarea_mcpm_source_to_stage','MCPM')
INSERT INTO [dbo].[plp_parameter_value] ([parameter_code],[parameter_value],[active],[touched_by],[touched_dtm],[pipeline_code],[pipeline_sub_code])
     VALUES('project','99236910,99185710,N8585,D7029,D7072,D7068,99350106,R4036,R3973,E0660,N8196,D6978,N8318,99356968,D7317,99357972,990E0841,99356420,D7521,D7512,D7415,D7264,99241222,R3507,D6847,D7018,D7531,D7532,D7533',1,'abhijit.kharat@mcdermott.com',@Date,'pl_coa_units_workarea_mcpm_source_to_stage','MCPM')
INSERT INTO [dbo].[plp_parameter_value] ([parameter_code],[parameter_value],[active],[touched_by],[touched_dtm],[pipeline_code],[pipeline_sub_code])
     VALUES('end_date','currdate',1,'abhijit.kharat@mcdermott.com',@Date,'pl_coa_units_workarea_mcpm_source_to_stage','MCPM')
INSERT INTO [dbo].[plp_parameter_value] ([parameter_code],[parameter_value],[active],[touched_by],[touched_dtm],[pipeline_code],[pipeline_sub_code])
     VALUES('folder_path','Project_Data/NCSA/MCPM/CoA_UnitsWorkArea',1,'abhijit.kharat@mcdermott.com',@Date,'pl_coa_units_workarea_mcpm_source_to_stage','MCPM')
INSERT INTO [dbo].[plp_parameter_value] ([parameter_code],[parameter_value],[active],[touched_by],[touched_dtm],[pipeline_code],[pipeline_sub_code])
     VALUES('start_date','2023-04-11 05:38:57',1,'abhijit.kharat@mcdermott.com',@Date,'pl_coa_units_workarea_mcpm_source_to_stage','MCPM')
INSERT INTO [dbo].[plp_parameter_value] ([parameter_code],[parameter_value],[active],[touched_by],[touched_dtm],[pipeline_code],[pipeline_sub_code])
     VALUES('file_system','mdr-staging-data',1,'abhijit.kharat@mcdermott.com',@Date,'pl_coa_units_workarea_mcpm_source_to_stage','MCPM')
INSERT INTO [dbo].[plp_parameter_value] ([parameter_code],[parameter_value],[active],[touched_by],[touched_dtm],[pipeline_code],[pipeline_sub_code])
     VALUES('file_system','mdr-raw-data',1,'abhijit.kharat@mcdermott.com',@Date,'pl_coa_units_workarea_mcpm_stage_to_raw','MCPM')
INSERT INTO [dbo].[plp_parameter_value] ([parameter_code],[parameter_value],[active],[touched_by],[touched_dtm],[pipeline_code],[pipeline_sub_code])
     VALUES('lastrundate','2023-04-11 05:39:51.789',1,'abhijit.kharat@mcdermott.com',@Date,'pl_coa_units_workarea_mcpm_stage_to_raw','MCPM')
INSERT INTO [dbo].[plp_parameter_value] ([parameter_code],[parameter_value],[active],[touched_by],[touched_dtm],[pipeline_code],[pipeline_sub_code])
     VALUES('folder_path','Project_Data/NCSA/MCPM/CoA_UnitsWorkArea',1,'abhijit.kharat@mcdermott.com',@Date,'pl_coa_units_workarea_mcpm_stage_to_raw','MCPM')
INSERT INTO [dbo].[plp_parameter_value] ([parameter_code],[parameter_value],[active],[touched_by],[touched_dtm],[pipeline_code],[pipeline_sub_code])
     VALUES('file_name','CoA_UnitsWorkArea_MCPM',1,'abhijit.kharat@mcdermott.com',@Date,'pl_coa_units_workarea_mcpm_stage_to_raw','MCPM')
