--Step 1 : clear the data before reloading the correct version
GO
delete from generic_load_detail where load_name = 'dim_ent_mcpm_coa'
	delete from generic_load_header where load_name = 'dim_ent_mcpm_coa'
	insert into generic_load_header(load_name,description,stage_table_name,target_table_name,reprocess_table_name,target_sk_name,target_gnk_name,stage_sk_name,glt_id,active_flag,load_type)
	values('dim_ent_mcpm_coa','dim_ent_mcpm_coa','gpd.coa_MCPM','dim_ent_jde_coa','gpd.reprocess_coa_MCPM','dim_ent_jde_coa_sk','dim_ent_jde_coa_nk','stage_coa_jde_key','13','Y','DIMENSION')
GO	
delete from generic_load_detail where load_name = 'dim_ent_mcpm_coa_combined'
	delete from generic_load_header where load_name = 'dim_ent_mcpm_coa_combined'
	insert into generic_load_header(load_name,description,stage_table_name,target_table_name,reprocess_table_name,target_sk_name,target_gnk_name,stage_sk_name,glt_id,active_flag,load_type)
	values('dim_ent_mcpm_coa_combined','dim_ent_mcpm_coa_combined','gpd.coa_MCPM_combined','dim_ent_combined_coa','gpd.reprocess_coa_MCPM_combined','dim_ent_combined_coa_sk','dim_ent_combined_coa_nk','stage_coa_jde_key','13','Y','DIMENSION')
GO

delete from generic_load_detail where load_name = 'dim_ent_mcpm_coa_pi'
	delete from generic_load_header where load_name = 'dim_ent_mcpm_coa_pi'
	insert into generic_load_header(load_name,description,stage_table_name,target_table_name,reprocess_table_name,target_sk_name,target_gnk_name,stage_sk_name,glt_id,active_flag,load_type)
	values('dim_ent_mcpm_coa_pi','dim_ent_mcpm_coa Progress items','gpd.coa_MCPM_PI','dim_ent_jde_coa','gpd.reprocess_coa_MCPM_PI','dim_ent_jde_coa_sk','dim_ent_jde_coa_nk','stage_coa_jde_key','13','Y','DIMENSION')


--step 2: Update entries in the plp_pipeline_details table
GO
declare @count int
declare @next_val int;


select @count = count(*) from dbo.plp_pipeline_details Where pipeline_code = 'pl_mcpm_onshore_data_master_pipeline' and stage_table_name = 'gpd.coa_MCPM' and reprocessing_table_name = 'gpd.reprocess_MCPM_coa'
	if isnull(@count,0) = 0
begin
		insert into dbo.plp_pipeline_details(pipeline_code,stage_table_name,reprocessing_table_name,target_table_name)
	 values ('pl_mcpm_onshore_data_master_pipeline','gpd.coa_MCPM','gpd.reprocess_MCPM_coa','dbo.dim_ent_jde_coa')
 end

select @count = count(*) from dbo.plp_pipeline_details Where pipeline_code = 'pl_mcpm_onshore_data_master_pipeline' and stage_table_name = 'gpd.coa_MCPM_combined' and reprocessing_table_name = 'gpd.reprocess_MCPM_coa'
	if isnull(@count,0) = 0
begin
		insert into dbo.plp_pipeline_details(pipeline_code,stage_table_name,reprocessing_table_name,target_table_name)
	 values ('pl_mcpm_onshore_data_master_pipeline','gpd.coa_MCPM_combined','gpd.reprocess_coa_MCPM_combined','dbo.dim_ent_combined_coa')
 end

select @count = count(*) from dbo.plp_pipeline_details Where pipeline_code = 'pl_mcpmdata_progressitems_master_pipeline' and stage_table_name = 'gpd.coa_MCPM_pi' and reprocessing_table_name = 'gpd.reprocess_MCPM_coa_pi'
	if isnull(@count,0) = 0
begin
		insert into dbo.plp_pipeline_details(pipeline_code,stage_table_name,reprocessing_table_name,target_table_name)
	 values ('pl_mcpmdata_progressitems_master_pipeline','gpd.coa_MCPM_pi','gpd.reprocess_MCPM_coa_pi','dim_ent_jde_coa')
 end
 
 
 
 

 GO
	update plp_pipeline_details
	set target_table_name='dbo.dim_ent_idocs'
	where pipeline_code='pl_idocs_doc_master_pipeline'
	and stage_table_name='gpd.iDocs_P24A_ConsDocMaster'
	and reprocessing_table_name='gpd.reprocess_dim_iDocs_P24A_ConsDocMaster'

	update plp_pipeline_details
	set target_table_name='dbo.dim_ent_jde_coa'
	where pipeline_code='pl_mcpm_onshore_data_master_pipeline'
	and stage_table_name='gpd.MCPM_coa_v'
	and reprocessing_table_name='gpd.reprocess_MCPM_coa'
 
 GO


--Step 3 : Insert the Generic Load details config 

GO
insert into generic_load_detail(load_name,stage_column_name,stage_column_data_type,stage_column_data_type_category,stage_column_key_type,target_column_name,ref_table_name,ref_gnk_name,ref_target_column_name1,ref_source_column_name1,ref_target_column_name2,ref_source_column_name2,ref_target_column_name3,ref_source_column_name3,ref_target_column_name4,ref_source_column_name4,ref_target_column_name5,ref_source_column_name5,sl_no,active_flag)
	values('dim_ent_mcpm_coa','coa_value','varchar(5000)','TEXT','NK','coa_value',NULL,NULL,NULL,NULL,NULL,NULL,NULL,NULL,NULL,NULL,NULL,NULL,'10','Y')
insert into generic_load_detail(load_name,stage_column_name,stage_column_data_type,stage_column_data_type_category,stage_column_key_type,target_column_name,ref_table_name,ref_gnk_name,ref_target_column_name1,ref_source_column_name1,ref_target_column_name2,ref_source_column_name2,ref_target_column_name3,ref_source_column_name3,ref_target_column_name4,ref_source_column_name4,ref_target_column_name5,ref_source_column_name5,sl_no,active_flag)
	values('dim_ent_mcpm_coa','coa_type','varchar(50)','TEXT','OA','coa_type',NULL,NULL,NULL,NULL,NULL,NULL,NULL,NULL,NULL,NULL,NULL,NULL,'20','Y')
insert into generic_load_detail(load_name,stage_column_name,stage_column_data_type,stage_column_data_type_category,stage_column_key_type,target_column_name,ref_table_name,ref_gnk_name,ref_target_column_name1,ref_source_column_name1,ref_target_column_name2,ref_source_column_name2,ref_target_column_name3,ref_source_column_name3,ref_target_column_name4,ref_source_column_name4,ref_target_column_name5,ref_source_column_name5,sl_no,active_flag)
	values('dim_ent_mcpm_coa','project','varchar(50)','TEXT','OA','project',NULL,NULL,NULL,NULL,NULL,NULL,NULL,NULL,NULL,NULL,NULL,NULL,'30','Y')
insert into generic_load_detail(load_name,stage_column_name,stage_column_data_type,stage_column_data_type_category,stage_column_key_type,target_column_name,ref_table_name,ref_gnk_name,ref_target_column_name1,ref_source_column_name1,ref_target_column_name2,ref_source_column_name2,ref_target_column_name3,ref_source_column_name3,ref_target_column_name4,ref_source_column_name4,ref_target_column_name5,ref_source_column_name5,sl_no,active_flag)
	values('dim_ent_mcpm_coa','projectname','varchar(250)','TEXT','OA','projectname',NULL,NULL,NULL,NULL,NULL,NULL,NULL,NULL,NULL,NULL,NULL,NULL,'40','Y')
insert into generic_load_detail(load_name,stage_column_name,stage_column_data_type,stage_column_data_type_category,stage_column_key_type,target_column_name,ref_table_name,ref_gnk_name,ref_target_column_name1,ref_source_column_name1,ref_target_column_name2,ref_source_column_name2,ref_target_column_name3,ref_source_column_name3,ref_target_column_name4,ref_source_column_name4,ref_target_column_name5,ref_source_column_name5,sl_no,active_flag)
	values('dim_ent_mcpm_coa','account','varchar(50)','TEXT','OA','account_code',NULL,NULL,NULL,NULL,NULL,NULL,NULL,NULL,NULL,NULL,NULL,NULL,'50','Y')
insert into generic_load_detail(load_name,stage_column_name,stage_column_data_type,stage_column_data_type_category,stage_column_key_type,target_column_name,ref_table_name,ref_gnk_name,ref_target_column_name1,ref_source_column_name1,ref_target_column_name2,ref_source_column_name2,ref_target_column_name3,ref_source_column_name3,ref_target_column_name4,ref_source_column_name4,ref_target_column_name5,ref_source_column_name5,sl_no,active_flag)
	values('dim_ent_mcpm_coa','contract','varchar(50)','TEXT','OA','contract',NULL,NULL,NULL,NULL,NULL,NULL,NULL,NULL,NULL,NULL,NULL,NULL,'60','Y')
insert into generic_load_detail(load_name,stage_column_name,stage_column_data_type,stage_column_data_type_category,stage_column_key_type,target_column_name,ref_table_name,ref_gnk_name,ref_target_column_name1,ref_source_column_name1,ref_target_column_name2,ref_source_column_name2,ref_target_column_name3,ref_source_column_name3,ref_target_column_name4,ref_source_column_name4,ref_target_column_name5,ref_source_column_name5,sl_no,active_flag)
	values('dim_ent_mcpm_coa','contractdesc','varchar(250)','TEXT','OA','contractdesc',NULL,NULL,NULL,NULL,NULL,NULL,NULL,NULL,NULL,NULL,NULL,NULL,'70','Y')
insert into generic_load_detail(load_name,stage_column_name,stage_column_data_type,stage_column_data_type_category,stage_column_key_type,target_column_name,ref_table_name,ref_gnk_name,ref_target_column_name1,ref_source_column_name1,ref_target_column_name2,ref_source_column_name2,ref_target_column_name3,ref_source_column_name3,ref_target_column_name4,ref_source_column_name4,ref_target_column_name5,ref_source_column_name5,sl_no,active_flag)
	values('dim_ent_mcpm_coa','contract_entity','varchar(50)','TEXT','OA','contract_entity',NULL,NULL,NULL,NULL,NULL,NULL,NULL,NULL,NULL,NULL,NULL,NULL,'80','Y')
insert into generic_load_detail(load_name,stage_column_name,stage_column_data_type,stage_column_data_type_category,stage_column_key_type,target_column_name,ref_table_name,ref_gnk_name,ref_target_column_name1,ref_source_column_name1,ref_target_column_name2,ref_source_column_name2,ref_target_column_name3,ref_source_column_name3,ref_target_column_name4,ref_source_column_name4,ref_target_column_name5,ref_source_column_name5,sl_no,active_flag)
	values('dim_ent_mcpm_coa','contract_entity_desc','varchar(250)','TEXT','OA','contract_entity_desc',NULL,NULL,NULL,NULL,NULL,NULL,NULL,NULL,NULL,NULL,NULL,NULL,'90','Y')
insert into generic_load_detail(load_name,stage_column_name,stage_column_data_type,stage_column_data_type_category,stage_column_key_type,target_column_name,ref_table_name,ref_gnk_name,ref_target_column_name1,ref_source_column_name1,ref_target_column_name2,ref_source_column_name2,ref_target_column_name3,ref_source_column_name3,ref_target_column_name4,ref_source_column_name4,ref_target_column_name5,ref_source_column_name5,sl_no,active_flag)
	values('dim_ent_mcpm_coa','contract_status','varchar(50)','TEXT','OA','contract_status',NULL,NULL,NULL,NULL,NULL,NULL,NULL,NULL,NULL,NULL,NULL,NULL,'100','Y')
insert into generic_load_detail(load_name,stage_column_name,stage_column_data_type,stage_column_data_type_category,stage_column_key_type,target_column_name,ref_table_name,ref_gnk_name,ref_target_column_name1,ref_source_column_name1,ref_target_column_name2,ref_source_column_name2,ref_target_column_name3,ref_source_column_name3,ref_target_column_name4,ref_source_column_name4,ref_target_column_name5,ref_source_column_name5,sl_no,active_flag)
	values('dim_ent_mcpm_coa','project_entity','varchar(50)','TEXT','OA','project_entity',NULL,NULL,NULL,NULL,NULL,NULL,NULL,NULL,NULL,NULL,NULL,NULL,'110','Y')
insert into generic_load_detail(load_name,stage_column_name,stage_column_data_type,stage_column_data_type_category,stage_column_key_type,target_column_name,ref_table_name,ref_gnk_name,ref_target_column_name1,ref_source_column_name1,ref_target_column_name2,ref_source_column_name2,ref_target_column_name3,ref_source_column_name3,ref_target_column_name4,ref_source_column_name4,ref_target_column_name5,ref_source_column_name5,sl_no,active_flag)
	values('dim_ent_mcpm_coa','project_entity_description','varchar(250)','TEXT','OA','project_entity_description',NULL,NULL,NULL,NULL,NULL,NULL,NULL,NULL,NULL,NULL,NULL,NULL,'120','Y')
insert into generic_load_detail(load_name,stage_column_name,stage_column_data_type,stage_column_data_type_category,stage_column_key_type,target_column_name,ref_table_name,ref_gnk_name,ref_target_column_name1,ref_source_column_name1,ref_target_column_name2,ref_source_column_name2,ref_target_column_name3,ref_source_column_name3,ref_target_column_name4,ref_source_column_name4,ref_target_column_name5,ref_source_column_name5,sl_no,active_flag)
	values('dim_ent_mcpm_coa','areaunit','varchar(50)','TEXT','OA','area_unit',NULL,NULL,NULL,NULL,NULL,NULL,NULL,NULL,NULL,NULL,NULL,NULL,'130','Y')
insert into generic_load_detail(load_name,stage_column_name,stage_column_data_type,stage_column_data_type_category,stage_column_key_type,target_column_name,ref_table_name,ref_gnk_name,ref_target_column_name1,ref_source_column_name1,ref_target_column_name2,ref_source_column_name2,ref_target_column_name3,ref_source_column_name3,ref_target_column_name4,ref_source_column_name4,ref_target_column_name5,ref_source_column_name5,sl_no,active_flag)
	values('dim_ent_mcpm_coa','areadesc','varchar(250)','TEXT','OA','area_description',NULL,NULL,NULL,NULL,NULL,NULL,NULL,NULL,NULL,NULL,NULL,NULL,'140','Y')
insert into generic_load_detail(load_name,stage_column_name,stage_column_data_type,stage_column_data_type_category,stage_column_key_type,target_column_name,ref_table_name,ref_gnk_name,ref_target_column_name1,ref_source_column_name1,ref_target_column_name2,ref_source_column_name2,ref_target_column_name3,ref_source_column_name3,ref_target_column_name4,ref_source_column_name4,ref_target_column_name5,ref_source_column_name5,sl_no,active_flag)
	values('dim_ent_mcpm_coa','costcode','varchar(50)','TEXT','OA','cost_code',NULL,NULL,NULL,NULL,NULL,NULL,NULL,NULL,NULL,NULL,NULL,NULL,'150','Y')
insert into generic_load_detail(load_name,stage_column_name,stage_column_data_type,stage_column_data_type_category,stage_column_key_type,target_column_name,ref_table_name,ref_gnk_name,ref_target_column_name1,ref_source_column_name1,ref_target_column_name2,ref_source_column_name2,ref_target_column_name3,ref_source_column_name3,ref_target_column_name4,ref_source_column_name4,ref_target_column_name5,ref_source_column_name5,sl_no,active_flag)
	values('dim_ent_mcpm_coa','costdescription','varchar(250)','TEXT','OA','cost_description',NULL,NULL,NULL,NULL,NULL,NULL,NULL,NULL,NULL,NULL,NULL,NULL,'160','Y')
insert into generic_load_detail(load_name,stage_column_name,stage_column_data_type,stage_column_data_type_category,stage_column_key_type,target_column_name,ref_table_name,ref_gnk_name,ref_target_column_name1,ref_source_column_name1,ref_target_column_name2,ref_source_column_name2,ref_target_column_name3,ref_source_column_name3,ref_target_column_name4,ref_source_column_name4,ref_target_column_name5,ref_source_column_name5,sl_no,active_flag)
	values('dim_ent_mcpm_coa','costtype','varchar(50)','TEXT','OA','cost_type',NULL,NULL,NULL,NULL,NULL,NULL,NULL,NULL,NULL,NULL,NULL,NULL,'170','Y')
insert into generic_load_detail(load_name,stage_column_name,stage_column_data_type,stage_column_data_type_category,stage_column_key_type,target_column_name,ref_table_name,ref_gnk_name,ref_target_column_name1,ref_source_column_name1,ref_target_column_name2,ref_source_column_name2,ref_target_column_name3,ref_source_column_name3,ref_target_column_name4,ref_source_column_name4,ref_target_column_name5,ref_source_column_name5,sl_no,active_flag)
	values('dim_ent_mcpm_coa','coa_status','varchar(50)','TEXT','OA','coa_status',NULL,NULL,NULL,NULL,NULL,NULL,NULL,NULL,NULL,NULL,NULL,NULL,'180','Y')
insert into generic_load_detail(load_name,stage_column_name,stage_column_data_type,stage_column_data_type_category,stage_column_key_type,target_column_name,ref_table_name,ref_gnk_name,ref_target_column_name1,ref_source_column_name1,ref_target_column_name2,ref_source_column_name2,ref_target_column_name3,ref_source_column_name3,ref_target_column_name4,ref_source_column_name4,ref_target_column_name5,ref_source_column_name5,sl_no,active_flag)
	values('dim_ent_mcpm_coa','source_name','varchar(250)','TEXT','OA','source_name',NULL,NULL,NULL,NULL,NULL,NULL,NULL,NULL,NULL,NULL,NULL,NULL,'190','Y')
insert into generic_load_detail(load_name,stage_column_name,stage_column_data_type,stage_column_data_type_category,stage_column_key_type,target_column_name,ref_table_name,ref_gnk_name,ref_target_column_name1,ref_source_column_name1,ref_target_column_name2,ref_source_column_name2,ref_target_column_name3,ref_source_column_name3,ref_target_column_name4,ref_source_column_name4,ref_target_column_name5,ref_source_column_name5,sl_no,active_flag)
	values('dim_ent_mcpm_coa','sub_source_name','varchar(250)','TEXT','OA','sub_source_name',NULL,NULL,NULL,NULL,NULL,NULL,NULL,NULL,NULL,NULL,NULL,NULL,'200','Y')
insert into generic_load_detail(load_name,stage_column_name,stage_column_data_type,stage_column_data_type_category,stage_column_key_type,target_column_name,ref_table_name,ref_gnk_name,ref_target_column_name1,ref_source_column_name1,ref_target_column_name2,ref_source_column_name2,ref_target_column_name3,ref_source_column_name3,ref_target_column_name4,ref_source_column_name4,ref_target_column_name5,ref_source_column_name5,sl_no,active_flag)
	values('dim_ent_mcpm_coa','PSRLevel1','varchar(3)','TEXT','OA','PSRLevel1',NULL,NULL,NULL,NULL,NULL,NULL,NULL,NULL,NULL,NULL,NULL,NULL,'210','Y')
insert into generic_load_detail(load_name,stage_column_name,stage_column_data_type,stage_column_data_type_category,stage_column_key_type,target_column_name,ref_table_name,ref_gnk_name,ref_target_column_name1,ref_source_column_name1,ref_target_column_name2,ref_source_column_name2,ref_target_column_name3,ref_source_column_name3,ref_target_column_name4,ref_source_column_name4,ref_target_column_name5,ref_source_column_name5,sl_no,active_flag)
	values('dim_ent_mcpm_coa','PSRLevel2','varchar(5)','TEXT','OA','PSRLevel2',NULL,NULL,NULL,NULL,NULL,NULL,NULL,NULL,NULL,NULL,NULL,NULL,'220','Y')
insert into generic_load_detail(load_name,stage_column_name,stage_column_data_type,stage_column_data_type_category,stage_column_key_type,target_column_name,ref_table_name,ref_gnk_name,ref_target_column_name1,ref_source_column_name1,ref_target_column_name2,ref_source_column_name2,ref_target_column_name3,ref_source_column_name3,ref_target_column_name4,ref_source_column_name4,ref_target_column_name5,ref_source_column_name5,sl_no,active_flag)
	values('dim_ent_mcpm_coa','PSRL1Description','varchar(50)','TEXT','OA','PSRL1Description',NULL,NULL,NULL,NULL,NULL,NULL,NULL,NULL,NULL,NULL,NULL,NULL,'230','Y')
insert into generic_load_detail(load_name,stage_column_name,stage_column_data_type,stage_column_data_type_category,stage_column_key_type,target_column_name,ref_table_name,ref_gnk_name,ref_target_column_name1,ref_source_column_name1,ref_target_column_name2,ref_source_column_name2,ref_target_column_name3,ref_source_column_name3,ref_target_column_name4,ref_source_column_name4,ref_target_column_name5,ref_source_column_name5,sl_no,active_flag)
	values('dim_ent_mcpm_coa','PSRL2Description','varchar(100)','TEXT','OA','PSRL2Description',NULL,NULL,NULL,NULL,NULL,NULL,NULL,NULL,NULL,NULL,NULL,NULL,'240','Y')
insert into generic_load_detail(load_name,stage_column_name,stage_column_data_type,stage_column_data_type_category,stage_column_key_type,target_column_name,ref_table_name,ref_gnk_name,ref_target_column_name1,ref_source_column_name1,ref_target_column_name2,ref_source_column_name2,ref_target_column_name3,ref_source_column_name3,ref_target_column_name4,ref_source_column_name4,ref_target_column_name5,ref_source_column_name5,sl_no,active_flag)
	values('dim_ent_mcpm_coa_combined','coa_value','varchar(5000)','TEXT','NK','coa_value',NULL,NULL,NULL,NULL,NULL,NULL,NULL,NULL,NULL,NULL,NULL,NULL,'10','Y')
insert into generic_load_detail(load_name,stage_column_name,stage_column_data_type,stage_column_data_type_category,stage_column_key_type,target_column_name,ref_table_name,ref_gnk_name,ref_target_column_name1,ref_source_column_name1,ref_target_column_name2,ref_source_column_name2,ref_target_column_name3,ref_source_column_name3,ref_target_column_name4,ref_source_column_name4,ref_target_column_name5,ref_source_column_name5,sl_no,active_flag)
	values('dim_ent_mcpm_coa_combined','coa_type','varchar(50)','TEXT','OA','coa_type',NULL,NULL,NULL,NULL,NULL,NULL,NULL,NULL,NULL,NULL,NULL,NULL,'20','Y')
insert into generic_load_detail(load_name,stage_column_name,stage_column_data_type,stage_column_data_type_category,stage_column_key_type,target_column_name,ref_table_name,ref_gnk_name,ref_target_column_name1,ref_source_column_name1,ref_target_column_name2,ref_source_column_name2,ref_target_column_name3,ref_source_column_name3,ref_target_column_name4,ref_source_column_name4,ref_target_column_name5,ref_source_column_name5,sl_no,active_flag)
	values('dim_ent_mcpm_coa_combined','project','varchar(50)','TEXT','OA','project',NULL,NULL,NULL,NULL,NULL,NULL,NULL,NULL,NULL,NULL,NULL,NULL,'30','Y')
insert into generic_load_detail(load_name,stage_column_name,stage_column_data_type,stage_column_data_type_category,stage_column_key_type,target_column_name,ref_table_name,ref_gnk_name,ref_target_column_name1,ref_source_column_name1,ref_target_column_name2,ref_source_column_name2,ref_target_column_name3,ref_source_column_name3,ref_target_column_name4,ref_source_column_name4,ref_target_column_name5,ref_source_column_name5,sl_no,active_flag)
	values('dim_ent_mcpm_coa_combined','projectname','varchar(250)','TEXT','OA','projectname',NULL,NULL,NULL,NULL,NULL,NULL,NULL,NULL,NULL,NULL,NULL,NULL,'40','Y')
insert into generic_load_detail(load_name,stage_column_name,stage_column_data_type,stage_column_data_type_category,stage_column_key_type,target_column_name,ref_table_name,ref_gnk_name,ref_target_column_name1,ref_source_column_name1,ref_target_column_name2,ref_source_column_name2,ref_target_column_name3,ref_source_column_name3,ref_target_column_name4,ref_source_column_name4,ref_target_column_name5,ref_source_column_name5,sl_no,active_flag)
	values('dim_ent_mcpm_coa_combined','account','varchar(50)','TEXT','OA','account_code',NULL,NULL,NULL,NULL,NULL,NULL,NULL,NULL,NULL,NULL,NULL,NULL,'50','Y')
insert into generic_load_detail(load_name,stage_column_name,stage_column_data_type,stage_column_data_type_category,stage_column_key_type,target_column_name,ref_table_name,ref_gnk_name,ref_target_column_name1,ref_source_column_name1,ref_target_column_name2,ref_source_column_name2,ref_target_column_name3,ref_source_column_name3,ref_target_column_name4,ref_source_column_name4,ref_target_column_name5,ref_source_column_name5,sl_no,active_flag)
	values('dim_ent_mcpm_coa_combined','contract','varchar(50)','TEXT','OA','segment2_code',NULL,NULL,NULL,NULL,NULL,NULL,NULL,NULL,NULL,NULL,NULL,NULL,'60','Y')
insert into generic_load_detail(load_name,stage_column_name,stage_column_data_type,stage_column_data_type_category,stage_column_key_type,target_column_name,ref_table_name,ref_gnk_name,ref_target_column_name1,ref_source_column_name1,ref_target_column_name2,ref_source_column_name2,ref_target_column_name3,ref_source_column_name3,ref_target_column_name4,ref_source_column_name4,ref_target_column_name5,ref_source_column_name5,sl_no,active_flag)
	values('dim_ent_mcpm_coa_combined','contractdesc','varchar(250)','TEXT','OA','segment2_description',NULL,NULL,NULL,NULL,NULL,NULL,NULL,NULL,NULL,NULL,NULL,NULL,'70','Y')
insert into generic_load_detail(load_name,stage_column_name,stage_column_data_type,stage_column_data_type_category,stage_column_key_type,target_column_name,ref_table_name,ref_gnk_name,ref_target_column_name1,ref_source_column_name1,ref_target_column_name2,ref_source_column_name2,ref_target_column_name3,ref_source_column_name3,ref_target_column_name4,ref_source_column_name4,ref_target_column_name5,ref_source_column_name5,sl_no,active_flag)
	values('dim_ent_mcpm_coa_combined','contract_entity','varchar(50)','TEXT','OA','segment1_code',NULL,NULL,NULL,NULL,NULL,NULL,NULL,NULL,NULL,NULL,NULL,NULL,'80','Y')
insert into generic_load_detail(load_name,stage_column_name,stage_column_data_type,stage_column_data_type_category,stage_column_key_type,target_column_name,ref_table_name,ref_gnk_name,ref_target_column_name1,ref_source_column_name1,ref_target_column_name2,ref_source_column_name2,ref_target_column_name3,ref_source_column_name3,ref_target_column_name4,ref_source_column_name4,ref_target_column_name5,ref_source_column_name5,sl_no,active_flag)
	values('dim_ent_mcpm_coa_combined','contract_entity_desc','varchar(250)','TEXT','OA','segment1_description',NULL,NULL,NULL,NULL,NULL,NULL,NULL,NULL,NULL,NULL,NULL,NULL,'90','Y')
insert into generic_load_detail(load_name,stage_column_name,stage_column_data_type,stage_column_data_type_category,stage_column_key_type,target_column_name,ref_table_name,ref_gnk_name,ref_target_column_name1,ref_source_column_name1,ref_target_column_name2,ref_source_column_name2,ref_target_column_name3,ref_source_column_name3,ref_target_column_name4,ref_source_column_name4,ref_target_column_name5,ref_source_column_name5,sl_no,active_flag)
	values('dim_ent_mcpm_coa_combined','areaunit','varchar(50)','TEXT','OA','segment3_code',NULL,NULL,NULL,NULL,NULL,NULL,NULL,NULL,NULL,NULL,NULL,NULL,'130','Y')
insert into generic_load_detail(load_name,stage_column_name,stage_column_data_type,stage_column_data_type_category,stage_column_key_type,target_column_name,ref_table_name,ref_gnk_name,ref_target_column_name1,ref_source_column_name1,ref_target_column_name2,ref_source_column_name2,ref_target_column_name3,ref_source_column_name3,ref_target_column_name4,ref_source_column_name4,ref_target_column_name5,ref_source_column_name5,sl_no,active_flag)
	values('dim_ent_mcpm_coa_combined','areadesc','varchar(250)','TEXT','OA','segment3_description',NULL,NULL,NULL,NULL,NULL,NULL,NULL,NULL,NULL,NULL,NULL,NULL,'140','Y')
insert into generic_load_detail(load_name,stage_column_name,stage_column_data_type,stage_column_data_type_category,stage_column_key_type,target_column_name,ref_table_name,ref_gnk_name,ref_target_column_name1,ref_source_column_name1,ref_target_column_name2,ref_source_column_name2,ref_target_column_name3,ref_source_column_name3,ref_target_column_name4,ref_source_column_name4,ref_target_column_name5,ref_source_column_name5,sl_no,active_flag)
	values('dim_ent_mcpm_coa_combined','costcode','varchar(50)','TEXT','OA','segment4_code',NULL,NULL,NULL,NULL,NULL,NULL,NULL,NULL,NULL,NULL,NULL,NULL,'150','Y')
insert into generic_load_detail(load_name,stage_column_name,stage_column_data_type,stage_column_data_type_category,stage_column_key_type,target_column_name,ref_table_name,ref_gnk_name,ref_target_column_name1,ref_source_column_name1,ref_target_column_name2,ref_source_column_name2,ref_target_column_name3,ref_source_column_name3,ref_target_column_name4,ref_source_column_name4,ref_target_column_name5,ref_source_column_name5,sl_no,active_flag)
	values('dim_ent_mcpm_coa_combined','costdescription','varchar(250)','TEXT','OA','segment4_description',NULL,NULL,NULL,NULL,NULL,NULL,NULL,NULL,NULL,NULL,NULL,NULL,'160','Y')
insert into generic_load_detail(load_name,stage_column_name,stage_column_data_type,stage_column_data_type_category,stage_column_key_type,target_column_name,ref_table_name,ref_gnk_name,ref_target_column_name1,ref_source_column_name1,ref_target_column_name2,ref_source_column_name2,ref_target_column_name3,ref_source_column_name3,ref_target_column_name4,ref_source_column_name4,ref_target_column_name5,ref_source_column_name5,sl_no,active_flag)
	values('dim_ent_mcpm_coa_combined','costtype','varchar(50)','TEXT','OA','segment5_code',NULL,NULL,NULL,NULL,NULL,NULL,NULL,NULL,NULL,NULL,NULL,NULL,'170','Y')
insert into generic_load_detail(load_name,stage_column_name,stage_column_data_type,stage_column_data_type_category,stage_column_key_type,target_column_name,ref_table_name,ref_gnk_name,ref_target_column_name1,ref_source_column_name1,ref_target_column_name2,ref_source_column_name2,ref_target_column_name3,ref_source_column_name3,ref_target_column_name4,ref_source_column_name4,ref_target_column_name5,ref_source_column_name5,sl_no,active_flag)
	values('dim_ent_mcpm_coa_combined','coa_status','varchar(50)','TEXT','OA','coa_status',NULL,NULL,NULL,NULL,NULL,NULL,NULL,NULL,NULL,NULL,NULL,NULL,'180','Y')
insert into generic_load_detail(load_name,stage_column_name,stage_column_data_type,stage_column_data_type_category,stage_column_key_type,target_column_name,ref_table_name,ref_gnk_name,ref_target_column_name1,ref_source_column_name1,ref_target_column_name2,ref_source_column_name2,ref_target_column_name3,ref_source_column_name3,ref_target_column_name4,ref_source_column_name4,ref_target_column_name5,ref_source_column_name5,sl_no,active_flag)
	values('dim_ent_mcpm_coa_combined','sub_source_name','varchar(250)','TEXT','OA','sub_source_name',NULL,NULL,NULL,NULL,NULL,NULL,NULL,NULL,NULL,NULL,NULL,NULL,'200','Y')
insert into generic_load_detail(load_name,stage_column_name,stage_column_data_type,stage_column_data_type_category,stage_column_key_type,target_column_name,ref_table_name,ref_gnk_name,ref_target_column_name1,ref_source_column_name1,ref_target_column_name2,ref_source_column_name2,ref_target_column_name3,ref_source_column_name3,ref_target_column_name4,ref_source_column_name4,ref_target_column_name5,ref_source_column_name5,sl_no,active_flag)
	values('dim_ent_mcpm_coa_combined','source_name','varchar(250)','TEXT','OA','source_name',NULL,NULL,NULL,NULL,NULL,NULL,NULL,NULL,NULL,NULL,NULL,NULL,'210','Y')
insert into generic_load_detail(load_name,stage_column_name,stage_column_data_type,stage_column_data_type_category,stage_column_key_type,target_column_name,ref_table_name,ref_gnk_name,ref_target_column_name1,ref_source_column_name1,ref_target_column_name2,ref_source_column_name2,ref_target_column_name3,ref_source_column_name3,ref_target_column_name4,ref_source_column_name4,ref_target_column_name5,ref_source_column_name5,sl_no,active_flag)
	values('dim_ent_mcpm_coa_combined','dim_ent_sub_source_nk','int','NUMBER','RK','dim_ent_sub_source_nk','dim_ent_sub_source','dim_ent_sub_source_nk','source_name','source_name','sub_source_name','sub_source_name',NULL,NULL,NULL,NULL,NULL,NULL,'220','Y')
insert into generic_load_detail(load_name,stage_column_name,stage_column_data_type,stage_column_data_type_category,stage_column_key_type,target_column_name,ref_table_name,ref_gnk_name,ref_target_column_name1,ref_source_column_name1,ref_target_column_name2,ref_source_column_name2,ref_target_column_name3,ref_source_column_name3,ref_target_column_name4,ref_source_column_name4,ref_target_column_name5,ref_source_column_name5,sl_no,active_flag)
	values('dim_ent_mcpm_coa_combined','dim_ent_source_nk','int','NUMBER','RK','dim_ent_source_nk','dim_ent_source','dim_ent_source_nk','source_name','source_name',NULL,NULL,NULL,NULL,NULL,NULL,NULL,NULL,'230','Y')

GO

	insert into generic_load_detail(load_name,stage_column_name,stage_column_data_type,stage_column_data_type_category,stage_column_key_type,target_column_name,ref_table_name,ref_gnk_name,ref_target_column_name1,ref_source_column_name1,ref_target_column_name2,ref_source_column_name2,ref_target_column_name3,ref_source_column_name3,ref_target_column_name4,ref_source_column_name4,ref_target_column_name5,ref_source_column_name5,sl_no,active_flag)
	values('dim_ent_mcpm_coa_pi','coa_value','varchar(5000)','TEXT','NK','coa_value',NULL,NULL,NULL,NULL,NULL,NULL,NULL,NULL,NULL,NULL,NULL,NULL,'10','Y')	
	insert into generic_load_detail(load_name,stage_column_name,stage_column_data_type,stage_column_data_type_category,stage_column_key_type,target_column_name,ref_table_name,ref_gnk_name,ref_target_column_name1,ref_source_column_name1,ref_target_column_name2,ref_source_column_name2,ref_target_column_name3,ref_source_column_name3,ref_target_column_name4,ref_source_column_name4,ref_target_column_name5,ref_source_column_name5,sl_no,active_flag)
	values('dim_ent_mcpm_coa_pi','coa_type','varchar(50)','TEXT','OA','coa_type',NULL,NULL,NULL,NULL,NULL,NULL,NULL,NULL,NULL,NULL,NULL,NULL,'20','Y')	
	insert into generic_load_detail(load_name,stage_column_name,stage_column_data_type,stage_column_data_type_category,stage_column_key_type,target_column_name,ref_table_name,ref_gnk_name,ref_target_column_name1,ref_source_column_name1,ref_target_column_name2,ref_source_column_name2,ref_target_column_name3,ref_source_column_name3,ref_target_column_name4,ref_source_column_name4,ref_target_column_name5,ref_source_column_name5,sl_no,active_flag)
	values('dim_ent_mcpm_coa_pi','project','varchar(50)','TEXT','OA','project',NULL,NULL,NULL,NULL,NULL,NULL,NULL,NULL,NULL,NULL,NULL,NULL,'30','Y')	
	insert into generic_load_detail(load_name,stage_column_name,stage_column_data_type,stage_column_data_type_category,stage_column_key_type,target_column_name,ref_table_name,ref_gnk_name,ref_target_column_name1,ref_source_column_name1,ref_target_column_name2,ref_source_column_name2,ref_target_column_name3,ref_source_column_name3,ref_target_column_name4,ref_source_column_name4,ref_target_column_name5,ref_source_column_name5,sl_no,active_flag)
	values('dim_ent_mcpm_coa_pi','projectname','varchar(250)','TEXT','OA','projectname',NULL,NULL,NULL,NULL,NULL,NULL,NULL,NULL,NULL,NULL,NULL,NULL,'40','Y')	
	insert into generic_load_detail(load_name,stage_column_name,stage_column_data_type,stage_column_data_type_category,stage_column_key_type,target_column_name,ref_table_name,ref_gnk_name,ref_target_column_name1,ref_source_column_name1,ref_target_column_name2,ref_source_column_name2,ref_target_column_name3,ref_source_column_name3,ref_target_column_name4,ref_source_column_name4,ref_target_column_name5,ref_source_column_name5,sl_no,active_flag)
	values('dim_ent_mcpm_coa_pi','account','varchar(50)','TEXT','OA','account_code',NULL,NULL,NULL,NULL,NULL,NULL,NULL,NULL,NULL,NULL,NULL,NULL,'50','Y')	
	insert into generic_load_detail(load_name,stage_column_name,stage_column_data_type,stage_column_data_type_category,stage_column_key_type,target_column_name,ref_table_name,ref_gnk_name,ref_target_column_name1,ref_source_column_name1,ref_target_column_name2,ref_source_column_name2,ref_target_column_name3,ref_source_column_name3,ref_target_column_name4,ref_source_column_name4,ref_target_column_name5,ref_source_column_name5,sl_no,active_flag)
	values('dim_ent_mcpm_coa_pi','contract','varchar(50)','TEXT','OA','contract',NULL,NULL,NULL,NULL,NULL,NULL,NULL,NULL,NULL,NULL,NULL,NULL,'60','Y')	
	insert into generic_load_detail(load_name,stage_column_name,stage_column_data_type,stage_column_data_type_category,stage_column_key_type,target_column_name,ref_table_name,ref_gnk_name,ref_target_column_name1,ref_source_column_name1,ref_target_column_name2,ref_source_column_name2,ref_target_column_name3,ref_source_column_name3,ref_target_column_name4,ref_source_column_name4,ref_target_column_name5,ref_source_column_name5,sl_no,active_flag)
	values('dim_ent_mcpm_coa_pi','contractdesc','varchar(250)','TEXT','OA','contractdesc',NULL,NULL,NULL,NULL,NULL,NULL,NULL,NULL,NULL,NULL,NULL,NULL,'70','Y')	
	insert into generic_load_detail(load_name,stage_column_name,stage_column_data_type,stage_column_data_type_category,stage_column_key_type,target_column_name,ref_table_name,ref_gnk_name,ref_target_column_name1,ref_source_column_name1,ref_target_column_name2,ref_source_column_name2,ref_target_column_name3,ref_source_column_name3,ref_target_column_name4,ref_source_column_name4,ref_target_column_name5,ref_source_column_name5,sl_no,active_flag)
	values('dim_ent_mcpm_coa_pi','contract_entity','varchar(50)','TEXT','OA','contract_entity',NULL,NULL,NULL,NULL,NULL,NULL,NULL,NULL,NULL,NULL,NULL,NULL,'80','Y')	
	insert into generic_load_detail(load_name,stage_column_name,stage_column_data_type,stage_column_data_type_category,stage_column_key_type,target_column_name,ref_table_name,ref_gnk_name,ref_target_column_name1,ref_source_column_name1,ref_target_column_name2,ref_source_column_name2,ref_target_column_name3,ref_source_column_name3,ref_target_column_name4,ref_source_column_name4,ref_target_column_name5,ref_source_column_name5,sl_no,active_flag)
	values('dim_ent_mcpm_coa_pi','contract_entity_desc','varchar(250)','TEXT','OA','contract_entity_desc',NULL,NULL,NULL,NULL,NULL,NULL,NULL,NULL,NULL,NULL,NULL,NULL,'90','Y')	
	insert into generic_load_detail(load_name,stage_column_name,stage_column_data_type,stage_column_data_type_category,stage_column_key_type,target_column_name,ref_table_name,ref_gnk_name,ref_target_column_name1,ref_source_column_name1,ref_target_column_name2,ref_source_column_name2,ref_target_column_name3,ref_source_column_name3,ref_target_column_name4,ref_source_column_name4,ref_target_column_name5,ref_source_column_name5,sl_no,active_flag)
	values('dim_ent_mcpm_coa_pi','contract_status','varchar(50)','TEXT','OA','contract_status',NULL,NULL,NULL,NULL,NULL,NULL,NULL,NULL,NULL,NULL,NULL,NULL,'100','Y')	
	insert into generic_load_detail(load_name,stage_column_name,stage_column_data_type,stage_column_data_type_category,stage_column_key_type,target_column_name,ref_table_name,ref_gnk_name,ref_target_column_name1,ref_source_column_name1,ref_target_column_name2,ref_source_column_name2,ref_target_column_name3,ref_source_column_name3,ref_target_column_name4,ref_source_column_name4,ref_target_column_name5,ref_source_column_name5,sl_no,active_flag)
	values('dim_ent_mcpm_coa_pi','project_entity','varchar(50)','TEXT','OA','project_entity',NULL,NULL,NULL,NULL,NULL,NULL,NULL,NULL,NULL,NULL,NULL,NULL,'110','Y')	
	insert into generic_load_detail(load_name,stage_column_name,stage_column_data_type,stage_column_data_type_category,stage_column_key_type,target_column_name,ref_table_name,ref_gnk_name,ref_target_column_name1,ref_source_column_name1,ref_target_column_name2,ref_source_column_name2,ref_target_column_name3,ref_source_column_name3,ref_target_column_name4,ref_source_column_name4,ref_target_column_name5,ref_source_column_name5,sl_no,active_flag)
	values('dim_ent_mcpm_coa_pi','project_entity_description','varchar(250)','TEXT','OA','project_entity_description',NULL,NULL,NULL,NULL,NULL,NULL,NULL,NULL,NULL,NULL,NULL,NULL,'120','Y')	
	insert into generic_load_detail(load_name,stage_column_name,stage_column_data_type,stage_column_data_type_category,stage_column_key_type,target_column_name,ref_table_name,ref_gnk_name,ref_target_column_name1,ref_source_column_name1,ref_target_column_name2,ref_source_column_name2,ref_target_column_name3,ref_source_column_name3,ref_target_column_name4,ref_source_column_name4,ref_target_column_name5,ref_source_column_name5,sl_no,active_flag)
	values('dim_ent_mcpm_coa_pi','areaunit','varchar(50)','TEXT','OA','area_unit',NULL,NULL,NULL,NULL,NULL,NULL,NULL,NULL,NULL,NULL,NULL,NULL,'130','Y')	
	insert into generic_load_detail(load_name,stage_column_name,stage_column_data_type,stage_column_data_type_category,stage_column_key_type,target_column_name,ref_table_name,ref_gnk_name,ref_target_column_name1,ref_source_column_name1,ref_target_column_name2,ref_source_column_name2,ref_target_column_name3,ref_source_column_name3,ref_target_column_name4,ref_source_column_name4,ref_target_column_name5,ref_source_column_name5,sl_no,active_flag)
	values('dim_ent_mcpm_coa_pi','areadesc','varchar(250)','TEXT','OA','area_description',NULL,NULL,NULL,NULL,NULL,NULL,NULL,NULL,NULL,NULL,NULL,NULL,'140','Y')	
	insert into generic_load_detail(load_name,stage_column_name,stage_column_data_type,stage_column_data_type_category,stage_column_key_type,target_column_name,ref_table_name,ref_gnk_name,ref_target_column_name1,ref_source_column_name1,ref_target_column_name2,ref_source_column_name2,ref_target_column_name3,ref_source_column_name3,ref_target_column_name4,ref_source_column_name4,ref_target_column_name5,ref_source_column_name5,sl_no,active_flag)
	values('dim_ent_mcpm_coa_pi','costcode','varchar(50)','TEXT','OA','cost_code',NULL,NULL,NULL,NULL,NULL,NULL,NULL,NULL,NULL,NULL,NULL,NULL,'150','Y')	
	insert into generic_load_detail(load_name,stage_column_name,stage_column_data_type,stage_column_data_type_category,stage_column_key_type,target_column_name,ref_table_name,ref_gnk_name,ref_target_column_name1,ref_source_column_name1,ref_target_column_name2,ref_source_column_name2,ref_target_column_name3,ref_source_column_name3,ref_target_column_name4,ref_source_column_name4,ref_target_column_name5,ref_source_column_name5,sl_no,active_flag)
	values('dim_ent_mcpm_coa_pi','costdescription','varchar(250)','TEXT','OA','cost_description',NULL,NULL,NULL,NULL,NULL,NULL,NULL,NULL,NULL,NULL,NULL,NULL,'160','Y')	
	insert into generic_load_detail(load_name,stage_column_name,stage_column_data_type,stage_column_data_type_category,stage_column_key_type,target_column_name,ref_table_name,ref_gnk_name,ref_target_column_name1,ref_source_column_name1,ref_target_column_name2,ref_source_column_name2,ref_target_column_name3,ref_source_column_name3,ref_target_column_name4,ref_source_column_name4,ref_target_column_name5,ref_source_column_name5,sl_no,active_flag)
	values('dim_ent_mcpm_coa_pi','costtype','varchar(50)','TEXT','OA','cost_type',NULL,NULL,NULL,NULL,NULL,NULL,NULL,NULL,NULL,NULL,NULL,NULL,'170','Y')	
	insert into generic_load_detail(load_name,stage_column_name,stage_column_data_type,stage_column_data_type_category,stage_column_key_type,target_column_name,ref_table_name,ref_gnk_name,ref_target_column_name1,ref_source_column_name1,ref_target_column_name2,ref_source_column_name2,ref_target_column_name3,ref_source_column_name3,ref_target_column_name4,ref_source_column_name4,ref_target_column_name5,ref_source_column_name5,sl_no,active_flag)
	values('dim_ent_mcpm_coa_pi','coa_status','varchar(50)','TEXT','OA','coa_status',NULL,NULL,NULL,NULL,NULL,NULL,NULL,NULL,NULL,NULL,NULL,NULL,'180','Y')	
	insert into generic_load_detail(load_name,stage_column_name,stage_column_data_type,stage_column_data_type_category,stage_column_key_type,target_column_name,ref_table_name,ref_gnk_name,ref_target_column_name1,ref_source_column_name1,ref_target_column_name2,ref_source_column_name2,ref_target_column_name3,ref_source_column_name3,ref_target_column_name4,ref_source_column_name4,ref_target_column_name5,ref_source_column_name5,sl_no,active_flag)
	values('dim_ent_mcpm_coa_pi','source_name','varchar(250)','TEXT','OA','source_name',NULL,NULL,NULL,NULL,NULL,NULL,NULL,NULL,NULL,NULL,NULL,NULL,'190','Y')	
	insert into generic_load_detail(load_name,stage_column_name,stage_column_data_type,stage_column_data_type_category,stage_column_key_type,target_column_name,ref_table_name,ref_gnk_name,ref_target_column_name1,ref_source_column_name1,ref_target_column_name2,ref_source_column_name2,ref_target_column_name3,ref_source_column_name3,ref_target_column_name4,ref_source_column_name4,ref_target_column_name5,ref_source_column_name5,sl_no,active_flag)
	values('dim_ent_mcpm_coa_pi','sub_source_name','varchar(250)','TEXT','OA','sub_source_name',NULL,NULL,NULL,NULL,NULL,NULL,NULL,NULL,NULL,NULL,NULL,NULL,'200','Y')	
	
GO