DECLARE @Date DATETIME;
SET @Date = GETDATE();


INSERT INTO [dbo].[plp_pipeline] ([pipeline_code],[subject_area_code],[description],[comment],[active],[touched_by],[touched_dtm],[sec_sa_id])
	VALUES ('pl_hdms_progress_data_source_to_stage','NCSA','Load HDMS Progress data',NULL,1,'abhijit.kharat@mcdermott.com',@Date,47)
INSERT INTO [dbo].[plp_pipeline] ([pipeline_code],[subject_area_code],[description],[comment],[active],[touched_by],[touched_dtm],[sec_sa_id])
	VALUES ('pl_hdms_progress_stage_to_raw','NCSA','Load HDMS Progress data',NULL,1,'abhijit.kharat@mcdermott.com',@Date,47)
INSERT INTO [dbo].[plp_pipeline] ([pipeline_code],[subject_area_code],[description],[comment],[active],[touched_by],[touched_dtm],[sec_sa_id])
	VALUES ('pl_hdms_progress_data_raw_to_synapse_stage','NCSA','Load HDMS Progress data',NULL,1,'abhijit.kharat@mcdermott.com',@Date,47)
INSERT INTO [dbo].[plp_pipeline] ([pipeline_code],[subject_area_code],[description],[comment],[active],[touched_by],[touched_dtm],[sec_sa_id])
	VALUES ('pl_hdms_progress_data_master_pipeline','NCSA','Load HDMS Progress data',NULL,1,'abhijit.kharat@mcdermott.com',@Date,47)
	
INSERT INTO [dbo].[plp_parameter]
([parameter_code],[parameter_type_code],[description],[parameter_data_type],[max_no_values],[parameter_size],[comment],[active],[touched_by],[touched_dtm])
     VALUES('Approved_EAC_Hours_code','PIPELINE','Approved_EAC_Hours_code','T','1','255',NULL,1,'abhijit.kharat@mcdermott.com',@Date)
INSERT INTO [dbo].[plp_parameter]
([parameter_code],[parameter_type_code],[description],[parameter_data_type],[max_no_values],[parameter_size],[comment],[active],[touched_by],[touched_dtm])
     VALUES('Approved_ETC_Amount_code','PIPELINE','Approved_ETC_Amount_code','T','1','255',NULL,1,'abhijit.kharat@mcdermott.com',@Date)
INSERT INTO [dbo].[plp_parameter]
([parameter_code],[parameter_type_code],[description],[parameter_data_type],[max_no_values],[parameter_size],[comment],[active],[touched_by],[touched_dtm])
     VALUES('Approved_EAC_Quantity_code','PIPELINE','Approved_EAC_Quantity_code','T','1','255',NULL,1,'abhijit.kharat@mcdermott.com',@Date)
INSERT INTO [dbo].[plp_parameter]
([parameter_code],[parameter_type_code],[description],[parameter_data_type],[max_no_values],[parameter_size],[comment],[active],[touched_by],[touched_dtm])
     VALUES('Approved_EAC_Amount_code','PIPELINE','Approved_EAC_Amount_code','T','1','255',NULL,1,'abhijit.kharat@mcdermott.com',@Date)
INSERT INTO [dbo].[plp_parameter]
([parameter_code],[parameter_type_code],[description],[parameter_data_type],[max_no_values],[parameter_size],[comment],[active],[touched_by],[touched_dtm])
     VALUES('Approved_ETC_Hours_code','PIPELINE','Approved_ETC_Hours_code','T','1','255',NULL,1,'abhijit.kharat@mcdermott.com',@Date)

INSERT INTO [dbo].[plp_parameter]
([parameter_code],[parameter_type_code],[description],[parameter_data_type],[max_no_values],[parameter_size],[comment],[active],[touched_by],[touched_dtm])
     VALUES('hdms_cumulative_earned_hours_code','PIPELINE','hdms_cumulative_earned_hours_code','T','1','255',NULL,1,'abhijit.kharat@mcdermott.com',@Date)
INSERT INTO [dbo].[plp_parameter]
([parameter_code],[parameter_type_code],[description],[parameter_data_type],[max_no_values],[parameter_size],[comment],[active],[touched_by],[touched_dtm])
     VALUES('hdms_progress_percentage_code','PIPELINE','hdms_progress_percentage_code','T','1','255',NULL,1,'abhijit.kharat@mcdermott.com',@Date)
INSERT INTO [dbo].[plp_parameter]
([parameter_code],[parameter_type_code],[description],[parameter_data_type],[max_no_values],[parameter_size],[comment],[active],[touched_by],[touched_dtm])
     VALUES('hdms_previous_progress_percentage_code','PIPELINE','hdms_previous_progress_percentage_code','T','1','255',NULL,1,'abhijit.kharat@mcdermott.com',@Date)
INSERT INTO [dbo].[plp_parameter]
([parameter_code],[parameter_type_code],[description],[parameter_data_type],[max_no_values],[parameter_size],[comment],[active],[touched_by],[touched_dtm])
     VALUES('hdms_man_hours_code','PIPELINE','hdms_man_hours_code','T','1','255',NULL,1,'abhijit.kharat@mcdermott.com',@Date)

INSERT INTO [dbo].[plp_pipeline_parameter] ([pipeline_code],[pipeline_sub_code],[parameter_code],[display_order],[source_column_name],[source_operator],[comment],[active],[touched_by],[touched_dtm]) 
VALUES('pl_hdms_progress_data_raw_to_synapse_stage','HDMS','start_date',1,'start_date','',NULL,1,'abhijit.kharat@mcdermott.com',@Date)
INSERT INTO [dbo].[plp_pipeline_parameter] ([pipeline_code],[pipeline_sub_code],[parameter_code],[display_order],[source_column_name],[source_operator],[comment],[active],[touched_by],[touched_dtm]) 
VALUES('pl_hdms_progress_data_raw_to_synapse_stage','HDMS','end_date',2,'end_date','',NULL,1,'abhijit.kharat@mcdermott.com',@Date)
INSERT INTO [dbo].[plp_pipeline_parameter] ([pipeline_code],[pipeline_sub_code],[parameter_code],[display_order],[source_column_name],[source_operator],[comment],[active],[touched_by],[touched_dtm]) 
VALUES('pl_hdms_progress_data_raw_to_synapse_stage','HDMS','function_code',3,'function_code','',NULL,1,'abhijit.kharat@mcdermott.com',@Date)
INSERT INTO [dbo].[plp_pipeline_parameter] ([pipeline_code],[pipeline_sub_code],[parameter_code],[display_order],[source_column_name],[source_operator],[comment],[active],[touched_by],[touched_dtm]) 
VALUES('pl_hdms_progress_data_raw_to_synapse_stage','HDMS','source_code',4,'source_code','',NULL,1,'abhijit.kharat@mcdermott.com',@Date)
INSERT INTO [dbo].[plp_pipeline_parameter] ([pipeline_code],[pipeline_sub_code],[parameter_code],[display_order],[source_column_name],[source_operator],[comment],[active],[touched_by],[touched_dtm]) 
VALUES('pl_hdms_progress_data_raw_to_synapse_stage','HDMS','sub_source_code',5,'sub_source_code','',NULL,1,'abhijit.kharat@mcdermott.com',@Date)
INSERT INTO [dbo].[plp_pipeline_parameter] ([pipeline_code],[pipeline_sub_code],[parameter_code],[display_order],[source_column_name],[source_operator],[comment],[active],[touched_by],[touched_dtm]) 
VALUES('pl_hdms_progress_data_raw_to_synapse_stage','HDMS','projectid',6,'projectid','',NULL,1,'abhijit.kharat@mcdermott.com',@Date)
INSERT INTO [dbo].[plp_pipeline_parameter] ([pipeline_code],[pipeline_sub_code],[parameter_code],[display_order],[source_column_name],[source_operator],[comment],[active],[touched_by],[touched_dtm]) 
VALUES('pl_hdms_progress_data_raw_to_synapse_stage','HDMS','data_class_hours_code',7,'data_class_hours_code','',NULL,1,'abhijit.kharat@mcdermott.com',@Date)
INSERT INTO [dbo].[plp_pipeline_parameter] ([pipeline_code],[pipeline_sub_code],[parameter_code],[display_order],[source_column_name],[source_operator],[comment],[active],[touched_by],[touched_dtm]) 
VALUES('pl_hdms_progress_data_raw_to_synapse_stage','HDMS','hdms_progress_percentage_code',8,'Hdms_progress_percentage_code','',NULL,1,'abhijit.kharat@mcdermott.com',@Date)
INSERT INTO [dbo].[plp_pipeline_parameter] ([pipeline_code],[pipeline_sub_code],[parameter_code],[display_order],[source_column_name],[source_operator],[comment],[active],[touched_by],[touched_dtm]) 
VALUES('pl_hdms_progress_data_raw_to_synapse_stage','HDMS','hdms_cumulative_earned_hours_code',9,'Hdms_cumulative_earned_hours_code','',NULL,1,'abhijit.kharat@mcdermott.com',@Date)
INSERT INTO [dbo].[plp_pipeline_parameter] ([pipeline_code],[pipeline_sub_code],[parameter_code],[display_order],[source_column_name],[source_operator],[comment],[active],[touched_by],[touched_dtm]) 
VALUES('pl_hdms_progress_data_raw_to_synapse_stage','HDMS','hdms_previous_progress_percentage_code',10,'Hdms_previous_progress_percentage_code','',NULL,1,'abhijit.kharat@mcdermott.com',@Date)
INSERT INTO [dbo].[plp_pipeline_parameter] ([pipeline_code],[pipeline_sub_code],[parameter_code],[display_order],[source_column_name],[source_operator],[comment],[active],[touched_by],[touched_dtm]) 
VALUES('pl_hdms_progress_data_raw_to_synapse_stage','HDMS','hdms_man_hours_code',11,'Hdms_man_hours_code','',NULL,1,'abhijit.kharat@mcdermott.com',@Date)
INSERT INTO [dbo].[plp_pipeline_parameter] ([pipeline_code],[pipeline_sub_code],[parameter_code],[display_order],[source_column_name],[source_operator],[comment],[active],[touched_by],[touched_dtm]) 
VALUES('pl_hdms_progress_data_raw_to_synapse_stage','HDMS','data_class_percentage_code',12,'data_class_percentage_code','',NULL,1,'abhijit.kharat@mcdermott.com',@Date)
INSERT INTO [dbo].[plp_pipeline_parameter] ([pipeline_code],[pipeline_sub_code],[parameter_code],[display_order],[source_column_name],[source_operator],[comment],[active],[touched_by],[touched_dtm]) 
VALUES('pl_hdms_progress_data_source_to_stage','HDMS','start_date',1,'start_date','',NULL,1,'abhijit.kharat@mcdermott.com',@Date)
INSERT INTO [dbo].[plp_pipeline_parameter] ([pipeline_code],[pipeline_sub_code],[parameter_code],[display_order],[source_column_name],[source_operator],[comment],[active],[touched_by],[touched_dtm]) 
VALUES('pl_hdms_progress_data_source_to_stage','HDMS','end_date',2,'end_date','',NULL,1,'abhijit.kharat@mcdermott.com',@Date)
INSERT INTO [dbo].[plp_pipeline_parameter] ([pipeline_code],[pipeline_sub_code],[parameter_code],[display_order],[source_column_name],[source_operator],[comment],[active],[touched_by],[touched_dtm]) 
VALUES('pl_hdms_progress_data_source_to_stage','HDMS','folder_path',3,'folder_path','',NULL,1,'abhijit.kharat@mcdermott.com',@Date)
INSERT INTO [dbo].[plp_pipeline_parameter] ([pipeline_code],[pipeline_sub_code],[parameter_code],[display_order],[source_column_name],[source_operator],[comment],[active],[touched_by],[touched_dtm]) 
VALUES('pl_hdms_progress_data_source_to_stage','HDMS','file_system',4,'file_system','',NULL,1,'abhijit.kharat@mcdermott.com',@Date)
INSERT INTO [dbo].[plp_pipeline_parameter] ([pipeline_code],[pipeline_sub_code],[parameter_code],[display_order],[source_column_name],[source_operator],[comment],[active],[touched_by],[touched_dtm]) 
VALUES('pl_hdms_progress_data_source_to_stage','HDMS','file_name',5,'file_name','',NULL,1,'abhijit.kharat@mcdermott.com',@Date)
INSERT INTO [dbo].[plp_pipeline_parameter] ([pipeline_code],[pipeline_sub_code],[parameter_code],[display_order],[source_column_name],[source_operator],[comment],[active],[touched_by],[touched_dtm]) 
VALUES('pl_hdms_progress_data_source_to_stage','HDMS','function_code',6,'function_code','',NULL,1,'abhijit.kharat@mcdermott.com',@Date)
INSERT INTO [dbo].[plp_pipeline_parameter] ([pipeline_code],[pipeline_sub_code],[parameter_code],[display_order],[source_column_name],[source_operator],[comment],[active],[touched_by],[touched_dtm]) 
VALUES('pl_hdms_progress_data_source_to_stage','HDMS','source_code',7,'source_code','',NULL,1,'abhijit.kharat@mcdermott.com',@Date)
INSERT INTO [dbo].[plp_pipeline_parameter] ([pipeline_code],[pipeline_sub_code],[parameter_code],[display_order],[source_column_name],[source_operator],[comment],[active],[touched_by],[touched_dtm]) 
VALUES('pl_hdms_progress_data_source_to_stage','HDMS','sub_source_code',8,'sub_source_code','',NULL,1,'abhijit.kharat@mcdermott.com',@Date)
INSERT INTO [dbo].[plp_pipeline_parameter] ([pipeline_code],[pipeline_sub_code],[parameter_code],[display_order],[source_column_name],[source_operator],[comment],[active],[touched_by],[touched_dtm]) 
VALUES('pl_hdms_progress_stage_to_raw','HDMS','lastrundate',1,'lastrundate','',NULL,1,'abhijit.kharat@mcdermott.com',@Date)
INSERT INTO [dbo].[plp_pipeline_parameter] ([pipeline_code],[pipeline_sub_code],[parameter_code],[display_order],[source_column_name],[source_operator],[comment],[active],[touched_by],[touched_dtm]) 
VALUES('pl_hdms_progress_stage_to_raw','HDMS','file_system',2,'file_system','',NULL,1,'abhijit.kharat@mcdermott.com',@Date)
INSERT INTO [dbo].[plp_pipeline_parameter] ([pipeline_code],[pipeline_sub_code],[parameter_code],[display_order],[source_column_name],[source_operator],[comment],[active],[touched_by],[touched_dtm]) 
VALUES('pl_hdms_progress_stage_to_raw','HDMS','folder_path',3,'folder_path','',NULL,1,'abhijit.kharat@mcdermott.com',@Date)
INSERT INTO [dbo].[plp_pipeline_parameter] ([pipeline_code],[pipeline_sub_code],[parameter_code],[display_order],[source_column_name],[source_operator],[comment],[active],[touched_by],[touched_dtm]) 
VALUES('pl_hdms_progress_stage_to_raw','HDMS','file_name',4,'file_name','',NULL,1,'abhijit.kharat@mcdermott.com',@Date)

INSERT INTO [dbo].[plp_parameter_value] ([parameter_code],[parameter_value],[active],[touched_by],[touched_dtm],[pipeline_code],[pipeline_sub_code])
     VALUES('end_date','currdate',1,'abhijit.kharat@mcdermott.com',@Date,'pl_hdms_progress_data_raw_to_synapse_stage','HDMS')
INSERT INTO [dbo].[plp_parameter_value] ([parameter_code],[parameter_value],[active],[touched_by],[touched_dtm],[pipeline_code],[pipeline_sub_code])
     VALUES('source_code','SYSTEM',1,'abhijit.kharat@mcdermott.com',@Date,'pl_hdms_progress_data_raw_to_synapse_stage','HDMS')
INSERT INTO [dbo].[plp_parameter_value] ([parameter_code],[parameter_value],[active],[touched_by],[touched_dtm],[pipeline_code],[pipeline_sub_code])
     VALUES('data_class_hours_code','TIME',1,'abhijit.kharat@mcdermott.com',@Date,'pl_hdms_progress_data_raw_to_synapse_stage','HDMS')
INSERT INTO [dbo].[plp_parameter_value] ([parameter_code],[parameter_value],[active],[touched_by],[touched_dtm],[pipeline_code],[pipeline_sub_code])
     VALUES('hdms_cumulative_earned_hours_code','Hdms Cumulative Earned Hours',1,'abhijit.kharat@mcdermott.com',@Date,'pl_hdms_progress_data_raw_to_synapse_stage','HDMS')
INSERT INTO [dbo].[plp_parameter_value] ([parameter_code],[parameter_value],[active],[touched_by],[touched_dtm],[pipeline_code],[pipeline_sub_code])
     VALUES('hdms_man_hours_code','Hdms Man Hours',1,'abhijit.kharat@mcdermott.com',@Date,'pl_hdms_progress_data_raw_to_synapse_stage','HDMS')
INSERT INTO [dbo].[plp_parameter_value] ([parameter_code],[parameter_value],[active],[touched_by],[touched_dtm],[pipeline_code],[pipeline_sub_code])
     VALUES('hdms_previous_progress_percentage_code','Hdms Previous Progress Percentage',1,'abhijit.kharat@mcdermott.com',@Date,'pl_hdms_progress_data_raw_to_synapse_stage','HDMS')
INSERT INTO [dbo].[plp_parameter_value] ([parameter_code],[parameter_value],[active],[touched_by],[touched_dtm],[pipeline_code],[pipeline_sub_code])
     VALUES('function_code','HUC',1,'abhijit.kharat@mcdermott.com',@Date,'pl_hdms_progress_data_raw_to_synapse_stage','HDMS')
INSERT INTO [dbo].[plp_parameter_value] ([parameter_code],[parameter_value],[active],[touched_by],[touched_dtm],[pipeline_code],[pipeline_sub_code])
     VALUES('projectid','D7068',1,'abhijit.kharat@mcdermott.com',@Date,'pl_hdms_progress_data_raw_to_synapse_stage','HDMS')
INSERT INTO [dbo].[plp_parameter_value] ([parameter_code],[parameter_value],[active],[touched_by],[touched_dtm],[pipeline_code],[pipeline_sub_code])
     VALUES('start_date','2022-02-15 00:28:54.400',1,'abhijit.kharat@mcdermott.com',@Date,'pl_hdms_progress_data_raw_to_synapse_stage','HDMS')
INSERT INTO [dbo].[plp_parameter_value] ([parameter_code],[parameter_value],[active],[touched_by],[touched_dtm],[pipeline_code],[pipeline_sub_code])
     VALUES('sub_source_code','HDMS',1,'abhijit.kharat@mcdermott.com',@Date,'pl_hdms_progress_data_raw_to_synapse_stage','HDMS')
INSERT INTO [dbo].[plp_parameter_value] ([parameter_code],[parameter_value],[active],[touched_by],[touched_dtm],[pipeline_code],[pipeline_sub_code])
     VALUES('data_class_percentage_code','Percentage',1,'abhijit.kharat@mcdermott.com',@Date,'pl_hdms_progress_data_raw_to_synapse_stage','HDMS')
INSERT INTO [dbo].[plp_parameter_value] ([parameter_code],[parameter_value],[active],[touched_by],[touched_dtm],[pipeline_code],[pipeline_sub_code])
     VALUES('hdms_progress_percentage_code','Hdms Progress Percentage',1,'abhijit.kharat@mcdermott.com',@Date,'pl_hdms_progress_data_raw_to_synapse_stage','HDMS')
INSERT INTO [dbo].[plp_parameter_value] ([parameter_code],[parameter_value],[active],[touched_by],[touched_dtm],[pipeline_code],[pipeline_sub_code])
     VALUES('end_date','currdate',1,'abhijit.kharat@mcdermott.com',@Date,'pl_hdms_progress_data_source_to_stage','HDMS')
INSERT INTO [dbo].[plp_parameter_value] ([parameter_code],[parameter_value],[active],[touched_by],[touched_dtm],[pipeline_code],[pipeline_sub_code])
     VALUES('function_code','HUC',1,'abhijit.kharat@mcdermott.com',@Date,'pl_hdms_progress_data_source_to_stage','HDMS')
INSERT INTO [dbo].[plp_parameter_value] ([parameter_code],[parameter_value],[active],[touched_by],[touched_dtm],[pipeline_code],[pipeline_sub_code])
     VALUES('start_date','2023-02-15 10:09:58',1,'abhijit.kharat@mcdermott.com',@Date,'pl_hdms_progress_data_source_to_stage','HDMS')
INSERT INTO [dbo].[plp_parameter_value] ([parameter_code],[parameter_value],[active],[touched_by],[touched_dtm],[pipeline_code],[pipeline_sub_code])
     VALUES('file_system','mdr-staging-data',1,'abhijit.kharat@mcdermott.com',@Date,'pl_hdms_progress_data_source_to_stage','HDMS')
INSERT INTO [dbo].[plp_parameter_value] ([parameter_code],[parameter_value],[active],[touched_by],[touched_dtm],[pipeline_code],[pipeline_sub_code])
     VALUES('sub_source_code','HDMS',1,'abhijit.kharat@mcdermott.com',@Date,'pl_hdms_progress_data_source_to_stage','HDMS')
INSERT INTO [dbo].[plp_parameter_value] ([parameter_code],[parameter_value],[active],[touched_by],[touched_dtm],[pipeline_code],[pipeline_sub_code])
     VALUES('file_name','HDMS_Progress',1,'abhijit.kharat@mcdermott.com',@Date,'pl_hdms_progress_data_source_to_stage','HDMS')
INSERT INTO [dbo].[plp_parameter_value] ([parameter_code],[parameter_value],[active],[touched_by],[touched_dtm],[pipeline_code],[pipeline_sub_code])
     VALUES('source_code','SYSTEM',1,'abhijit.kharat@mcdermott.com',@Date,'pl_hdms_progress_data_source_to_stage','HDMS')
INSERT INTO [dbo].[plp_parameter_value] ([parameter_code],[parameter_value],[active],[touched_by],[touched_dtm],[pipeline_code],[pipeline_sub_code])
     VALUES('folder_path','Project_Data/NCSA/HDMS/HDMS_Progress',1,'abhijit.kharat@mcdermott.com',@Date,'pl_hdms_progress_data_source_to_stage','HDMS')
INSERT INTO [dbo].[plp_parameter_value] ([parameter_code],[parameter_value],[active],[touched_by],[touched_dtm],[pipeline_code],[pipeline_sub_code])
     VALUES('file_system','mdr-raw-data',1,'abhijit.kharat@mcdermott.com',@Date,'pl_hdms_progress_stage_to_raw','HDMS')
INSERT INTO [dbo].[plp_parameter_value] ([parameter_code],[parameter_value],[active],[touched_by],[touched_dtm],[pipeline_code],[pipeline_sub_code])
     VALUES('lastrundate','2023-02-07 10:45:41.952',1,'abhijit.kharat@mcdermott.com',@Date,'pl_hdms_progress_stage_to_raw','HDMS')
INSERT INTO [dbo].[plp_parameter_value] ([parameter_code],[parameter_value],[active],[touched_by],[touched_dtm],[pipeline_code],[pipeline_sub_code])
     VALUES('folder_path','Project_Data/NCSA/HDMS/HDMS_Progress',1,'abhijit.kharat@mcdermott.com',@Date,'pl_hdms_progress_stage_to_raw','HDMS')
INSERT INTO [dbo].[plp_parameter_value] ([parameter_code],[parameter_value],[active],[touched_by],[touched_dtm],[pipeline_code],[pipeline_sub_code])
     VALUES('file_name','HDMS_Progress',1,'abhijit.kharat@mcdermott.com',@Date,'pl_hdms_progress_stage_to_raw','HDMS')

