--plp_parameter

insert into plp_parameter (parameter_code,parameter_type_code,description,parameter_data_type,max_no_values,parameter_size,comment,active,touched_by,touched_dtm) values('client_id','PIPELINE','Oracle OAuth','T',1,1000,NULL,1,'aditya.anand2@mcdermott.com','2025-12-17 06:16:12.197')

insert into plp_parameter (parameter_code,parameter_type_code,description,parameter_data_type,max_no_values,parameter_size,comment,active,touched_by,touched_dtm) values('client_secret','PIPELINE','Oracle OAuth','T',1,1000,NULL,1,'aditya.anand2@mcdermott.com','2025-12-17 06:16:12.197')

insert into plp_parameter (parameter_code,parameter_type_code,description,parameter_data_type,max_no_values,parameter_size,comment,active,touched_by,touched_dtm) values('scope','PIPELINE','Oracle OAuth','T',1,1000,NULL,1,'aditya.anand2@mcdermott.com','2025-12-17 06:16:12.197')

insert into plp_parameter (parameter_code,parameter_type_code,description,parameter_data_type,max_no_values,parameter_size,comment,active,touched_by,touched_dtm) values('token_url','PIPELINE','Oracle OAuth','T',1,1000,NULL,1,'aditya.anand2@mcdermott.com','2025-12-17 06:16:12.197')

GO



--pl_expenditure_types

insert into plp_pipeline_parameter (pipeline_code,pipeline_sub_code,parameter_code,display_order,source_column_name,source_operator,comment,active,touched_by,touched_dtm)Values ('pl_expenditure_types','NetworkFolder','client_id',10,'client_id','IN',NULL,1,'aditya.anand2@mcdermott.com','2025-12-17 06:16:12.197')

insert into plp_pipeline_parameter (pipeline_code,pipeline_sub_code,parameter_code,display_order,source_column_name,source_operator,comment,active,touched_by,touched_dtm)Values ('pl_expenditure_types','NetworkFolder','client_secret',11,'client_secret','IN',NULL,1,'aditya.anand2@mcdermott.com','2025-12-17 06:16:12.197')

insert into plp_pipeline_parameter (pipeline_code,pipeline_sub_code,parameter_code,display_order,source_column_name,source_operator,comment,active,touched_by,touched_dtm)Values ('pl_expenditure_types','NetworkFolder','scope',12,'scope','IN',NULL,1,'aditya.anand2@mcdermott.com','2025-12-17 06:16:12.197')

insert into plp_pipeline_parameter (pipeline_code,pipeline_sub_code,parameter_code,display_order,source_column_name,source_operator,comment,active,touched_by,touched_dtm)Values ('pl_expenditure_types','NetworkFolder','token_url',13,'token_url','IN',NULL,1,'aditya.anand2@mcdermott.com','2025-12-17 06:16:12.197')


declare @dd datetime
select @dd = getdate()

insert into plp_parameter_value
(parameter_code,parameter_value,active,touched_by,touched_dtm,pipeline_code,pipeline_sub_code)
values ('client_id','7ba0d0715e9b48fa92fe905dc1504e22',1,'aditya.anand2@mcdermott.com',@dd,'pl_expenditure_types','NetworkFolder')


insert into plp_parameter_value
(parameter_code,parameter_value,active,touched_by,touched_dtm,pipeline_code,pipeline_sub_code)
values ('client_secret','idcscs-1f32688a-cb2a-4386-b6c4-02e07d01928c',1,'aditya.anand2@mcdermott.com',@dd,'pl_expenditure_types','NetworkFolder')


insert into plp_parameter_value
(parameter_code,parameter_value,active,touched_by,touched_dtm,pipeline_code,pipeline_sub_code)
values ('scope','https://edsv-dev2.fa.us2.oraclecloud.com:443/',1,'aditya.anand2@mcdermott.com',@dd,'pl_expenditure_types','NetworkFolder')

insert into plp_parameter_value
(parameter_code,parameter_value,active,touched_by,touched_dtm,pipeline_code,pipeline_sub_code)
values ('token_url','https://idcs-5e75f6e22be947de989d7c4f86d59b78.identity.oraclecloud.com/oauth2/v1/token',1,'aditya.anand2@mcdermott.com',@dd,'pl_expenditure_types','NetworkFolder')


--pl_gl_code_combinations

insert into plp_pipeline_parameter (pipeline_code,pipeline_sub_code,parameter_code,display_order,source_column_name,source_operator,comment,active,touched_by,touched_dtm)Values ('pl_gl_code_combinations','NetworkFolder','client_id',10,'client_id','IN',NULL,1,'aditya.anand2@mcdermott.com','2025-12-17 06:16:12.197')

insert into plp_pipeline_parameter (pipeline_code,pipeline_sub_code,parameter_code,display_order,source_column_name,source_operator,comment,active,touched_by,touched_dtm)Values ('pl_gl_code_combinations','NetworkFolder','client_secret',11,'client_secret','IN',NULL,1,'aditya.anand2@mcdermott.com','2025-12-17 06:16:12.197')

insert into plp_pipeline_parameter (pipeline_code,pipeline_sub_code,parameter_code,display_order,source_column_name,source_operator,comment,active,touched_by,touched_dtm)Values ('pl_gl_code_combinations','NetworkFolder','scope',12,'scope','IN',NULL,1,'aditya.anand2@mcdermott.com','2025-12-17 06:16:12.197')

insert into plp_pipeline_parameter (pipeline_code,pipeline_sub_code,parameter_code,display_order,source_column_name,source_operator,comment,active,touched_by,touched_dtm)Values ('pl_gl_code_combinations','NetworkFolder','token_url',13,'token_url','IN',NULL,1,'aditya.anand2@mcdermott.com','2025-12-17 06:16:12.197')



insert into plp_parameter_value
(parameter_code,parameter_value,active,touched_by,touched_dtm,pipeline_code,pipeline_sub_code)
values ('client_id','7ba0d0715e9b48fa92fe905dc1504e22',1,'aditya.anand2@mcdermott.com',@dd,'pl_gl_code_combinations','NetworkFolder')


insert into plp_parameter_value
(parameter_code,parameter_value,active,touched_by,touched_dtm,pipeline_code,pipeline_sub_code)
values ('client_secret','idcscs-1f32688a-cb2a-4386-b6c4-02e07d01928c',1,'aditya.anand2@mcdermott.com',@dd,'pl_gl_code_combinations','NetworkFolder')


insert into plp_parameter_value
(parameter_code,parameter_value,active,touched_by,touched_dtm,pipeline_code,pipeline_sub_code)
values ('scope','https://edsv-dev2.fa.us2.oraclecloud.com:443/',1,'aditya.anand2@mcdermott.com',@dd,'pl_gl_code_combinations','NetworkFolder')

insert into plp_parameter_value
(parameter_code,parameter_value,active,touched_by,touched_dtm,pipeline_code,pipeline_sub_code)
values ('token_url','https://idcs-5e75f6e22be947de989d7c4f86d59b78.identity.oraclecloud.com/oauth2/v1/token',1,'aditya.anand2@mcdermott.com',@dd,'pl_gl_code_combinations','NetworkFolder')




--pl_hr_all_organization_units

insert into plp_pipeline_parameter (pipeline_code,pipeline_sub_code,parameter_code,display_order,source_column_name,source_operator,comment,active,touched_by,touched_dtm)Values ('pl_hr_all_organization_units','NetworkFolder','client_id',10,'client_id','IN',NULL,1,'aditya.anand2@mcdermott.com','2025-12-17 06:16:12.197')

insert into plp_pipeline_parameter (pipeline_code,pipeline_sub_code,parameter_code,display_order,source_column_name,source_operator,comment,active,touched_by,touched_dtm)Values ('pl_hr_all_organization_units','NetworkFolder','client_secret',11,'client_secret','IN',NULL,1,'aditya.anand2@mcdermott.com','2025-12-17 06:16:12.197')

insert into plp_pipeline_parameter (pipeline_code,pipeline_sub_code,parameter_code,display_order,source_column_name,source_operator,comment,active,touched_by,touched_dtm)Values ('pl_hr_all_organization_units','NetworkFolder','scope',12,'scope','IN',NULL,1,'aditya.anand2@mcdermott.com','2025-12-17 06:16:12.197')

insert into plp_pipeline_parameter (pipeline_code,pipeline_sub_code,parameter_code,display_order,source_column_name,source_operator,comment,active,touched_by,touched_dtm)Values ('pl_hr_all_organization_units','NetworkFolder','token_url',13,'token_url','IN',NULL,1,'aditya.anand2@mcdermott.com','2025-12-17 06:16:12.197')




insert into plp_parameter_value
(parameter_code,parameter_value,active,touched_by,touched_dtm,pipeline_code,pipeline_sub_code)
values ('client_id','7ba0d0715e9b48fa92fe905dc1504e22',1,'aditya.anand2@mcdermott.com',@dd,'pl_hr_all_organization_units','NetworkFolder')


insert into plp_parameter_value
(parameter_code,parameter_value,active,touched_by,touched_dtm,pipeline_code,pipeline_sub_code)
values ('client_secret','idcscs-1f32688a-cb2a-4386-b6c4-02e07d01928c',1,'aditya.anand2@mcdermott.com',@dd,'pl_hr_all_organization_units','NetworkFolder')


insert into plp_parameter_value
(parameter_code,parameter_value,active,touched_by,touched_dtm,pipeline_code,pipeline_sub_code)
values ('scope','https://edsv-dev2.fa.us2.oraclecloud.com:443/',1,'aditya.anand2@mcdermott.com',@dd,'pl_hr_all_organization_units','NetworkFolder')

insert into plp_parameter_value
(parameter_code,parameter_value,active,touched_by,touched_dtm,pipeline_code,pipeline_sub_code)
values ('token_url','https://idcs-5e75f6e22be947de989d7c4f86d59b78.identity.oraclecloud.com/oauth2/v1/token',1,'aditya.anand2@mcdermott.com',@dd,'pl_hr_all_organization_units','NetworkFolder')




--pl_invoice_distributions_ap_invoice_distributions_all

insert into plp_pipeline_parameter (pipeline_code,pipeline_sub_code,parameter_code,display_order,source_column_name,source_operator,comment,active,touched_by,touched_dtm)Values ('pl_invoice_distributions_ap_invoice_distributions_all','NetworkFolder','client_id',10,'client_id','IN',NULL,1,'aditya.anand2@mcdermott.com','2025-12-17 06:16:12.197')

insert into plp_pipeline_parameter (pipeline_code,pipeline_sub_code,parameter_code,display_order,source_column_name,source_operator,comment,active,touched_by,touched_dtm)Values ('pl_invoice_distributions_ap_invoice_distributions_all','NetworkFolder','client_secret',11,'client_secret','IN',NULL,1,'aditya.anand2@mcdermott.com','2025-12-17 06:16:12.197')

insert into plp_pipeline_parameter (pipeline_code,pipeline_sub_code,parameter_code,display_order,source_column_name,source_operator,comment,active,touched_by,touched_dtm)Values ('pl_invoice_distributions_ap_invoice_distributions_all','NetworkFolder','scope',12,'scope','IN',NULL,1,'aditya.anand2@mcdermott.com','2025-12-17 06:16:12.197')

insert into plp_pipeline_parameter (pipeline_code,pipeline_sub_code,parameter_code,display_order,source_column_name,source_operator,comment,active,touched_by,touched_dtm)Values ('pl_invoice_distributions_ap_invoice_distributions_all','NetworkFolder','token_url',13,'token_url','IN',NULL,1,'aditya.anand2@mcdermott.com','2025-12-17 06:16:12.197')




insert into plp_parameter_value
(parameter_code,parameter_value,active,touched_by,touched_dtm,pipeline_code,pipeline_sub_code)
values ('client_id','7ba0d0715e9b48fa92fe905dc1504e22',1,'aditya.anand2@mcdermott.com',@dd,'pl_invoice_distributions_ap_invoice_distributions_all','NetworkFolder')


insert into plp_parameter_value
(parameter_code,parameter_value,active,touched_by,touched_dtm,pipeline_code,pipeline_sub_code)
values ('client_secret','idcscs-1f32688a-cb2a-4386-b6c4-02e07d01928c',1,'aditya.anand2@mcdermott.com',@dd,'pl_invoice_distributions_ap_invoice_distributions_all','NetworkFolder')


insert into plp_parameter_value
(parameter_code,parameter_value,active,touched_by,touched_dtm,pipeline_code,pipeline_sub_code)
values ('scope','https://edsv-dev2.fa.us2.oraclecloud.com:443/',1,'aditya.anand2@mcdermott.com',@dd,'pl_invoice_distributions_ap_invoice_distributions_all','NetworkFolder')

insert into plp_parameter_value
(parameter_code,parameter_value,active,touched_by,touched_dtm,pipeline_code,pipeline_sub_code)
values ('token_url','https://idcs-5e75f6e22be947de989d7c4f86d59b78.identity.oraclecloud.com/oauth2/v1/token',1,'aditya.anand2@mcdermott.com',@dd,'pl_invoice_distributions_ap_invoice_distributions_all','NetworkFolder')





--pl_invoice_header_ap_invoices_all

insert into plp_pipeline_parameter (pipeline_code,pipeline_sub_code,parameter_code,display_order,source_column_name,source_operator,comment,active,touched_by,touched_dtm)Values ('pl_invoice_header_ap_invoices_all','NetworkFolder','client_id',10,'client_id','IN',NULL,1,'aditya.anand2@mcdermott.com','2025-12-17 06:16:12.197')

insert into plp_pipeline_parameter (pipeline_code,pipeline_sub_code,parameter_code,display_order,source_column_name,source_operator,comment,active,touched_by,touched_dtm)Values ('pl_invoice_header_ap_invoices_all','NetworkFolder','client_secret',11,'client_secret','IN',NULL,1,'aditya.anand2@mcdermott.com','2025-12-17 06:16:12.197')

insert into plp_pipeline_parameter (pipeline_code,pipeline_sub_code,parameter_code,display_order,source_column_name,source_operator,comment,active,touched_by,touched_dtm)Values ('pl_invoice_header_ap_invoices_all','NetworkFolder','scope',12,'scope','IN',NULL,1,'aditya.anand2@mcdermott.com','2025-12-17 06:16:12.197')

insert into plp_pipeline_parameter (pipeline_code,pipeline_sub_code,parameter_code,display_order,source_column_name,source_operator,comment,active,touched_by,touched_dtm)Values ('pl_invoice_header_ap_invoices_all','NetworkFolder','token_url',13,'token_url','IN',NULL,1,'aditya.anand2@mcdermott.com','2025-12-17 06:16:12.197')




insert into plp_parameter_value
(parameter_code,parameter_value,active,touched_by,touched_dtm,pipeline_code,pipeline_sub_code)
values ('client_id','7ba0d0715e9b48fa92fe905dc1504e22',1,'aditya.anand2@mcdermott.com',@dd,'pl_invoice_header_ap_invoices_all','NetworkFolder')


insert into plp_parameter_value
(parameter_code,parameter_value,active,touched_by,touched_dtm,pipeline_code,pipeline_sub_code)
values ('client_secret','idcscs-1f32688a-cb2a-4386-b6c4-02e07d01928c',1,'aditya.anand2@mcdermott.com',@dd,'pl_invoice_header_ap_invoices_all','NetworkFolder')


insert into plp_parameter_value
(parameter_code,parameter_value,active,touched_by,touched_dtm,pipeline_code,pipeline_sub_code)
values ('scope','https://edsv-dev2.fa.us2.oraclecloud.com:443/',1,'aditya.anand2@mcdermott.com',@dd,'pl_invoice_header_ap_invoices_all','NetworkFolder')

insert into plp_parameter_value
(parameter_code,parameter_value,active,touched_by,touched_dtm,pipeline_code,pipeline_sub_code)
values ('token_url','https://idcs-5e75f6e22be947de989d7c4f86d59b78.identity.oraclecloud.com/oauth2/v1/token',1,'aditya.anand2@mcdermott.com',@dd,'pl_invoice_header_ap_invoices_all','NetworkFolder')





--pl_invoice_line_ap_invoice_lines_all

insert into plp_pipeline_parameter (pipeline_code,pipeline_sub_code,parameter_code,display_order,source_column_name,source_operator,comment,active,touched_by,touched_dtm)Values ('pl_invoice_line_ap_invoice_lines_all','NetworkFolder','client_id',10,'client_id','IN',NULL,1,'aditya.anand2@mcdermott.com','2025-12-17 06:16:12.197')

insert into plp_pipeline_parameter (pipeline_code,pipeline_sub_code,parameter_code,display_order,source_column_name,source_operator,comment,active,touched_by,touched_dtm)Values ('pl_invoice_line_ap_invoice_lines_all','NetworkFolder','client_secret',11,'client_secret','IN',NULL,1,'aditya.anand2@mcdermott.com','2025-12-17 06:16:12.197')

insert into plp_pipeline_parameter (pipeline_code,pipeline_sub_code,parameter_code,display_order,source_column_name,source_operator,comment,active,touched_by,touched_dtm)Values ('pl_invoice_line_ap_invoice_lines_all','NetworkFolder','scope',12,'scope','IN',NULL,1,'aditya.anand2@mcdermott.com','2025-12-17 06:16:12.197')

insert into plp_pipeline_parameter (pipeline_code,pipeline_sub_code,parameter_code,display_order,source_column_name,source_operator,comment,active,touched_by,touched_dtm)Values ('pl_invoice_line_ap_invoice_lines_all','NetworkFolder','token_url',13,'token_url','IN',NULL,1,'aditya.anand2@mcdermott.com','2025-12-17 06:16:12.197')



insert into plp_parameter_value
(parameter_code,parameter_value,active,touched_by,touched_dtm,pipeline_code,pipeline_sub_code)
values ('client_id','7ba0d0715e9b48fa92fe905dc1504e22',1,'aditya.anand2@mcdermott.com',@dd,'pl_invoice_line_ap_invoice_lines_all','NetworkFolder')


insert into plp_parameter_value
(parameter_code,parameter_value,active,touched_by,touched_dtm,pipeline_code,pipeline_sub_code)
values ('client_secret','idcscs-1f32688a-cb2a-4386-b6c4-02e07d01928c',1,'aditya.anand2@mcdermott.com',@dd,'pl_invoice_line_ap_invoice_lines_all','NetworkFolder')


insert into plp_parameter_value
(parameter_code,parameter_value,active,touched_by,touched_dtm,pipeline_code,pipeline_sub_code)
values ('scope','https://edsv-dev2.fa.us2.oraclecloud.com:443/',1,'aditya.anand2@mcdermott.com',@dd,'pl_invoice_line_ap_invoice_lines_all','NetworkFolder')

insert into plp_parameter_value
(parameter_code,parameter_value,active,touched_by,touched_dtm,pipeline_code,pipeline_sub_code)
values ('token_url','https://idcs-5e75f6e22be947de989d7c4f86d59b78.identity.oraclecloud.com/oauth2/v1/token',1,'aditya.anand2@mcdermott.com',@dd,'pl_invoice_line_ap_invoice_lines_all','NetworkFolder')





--pl_invoice_payment_schedules

insert into plp_pipeline_parameter (pipeline_code,pipeline_sub_code,parameter_code,display_order,source_column_name,source_operator,comment,active,touched_by,touched_dtm)Values ('pl_invoice_payment_schedules','NetworkFolder','client_id',10,'client_id','IN',NULL,1,'aditya.anand2@mcdermott.com','2025-12-17 06:16:12.197')

insert into plp_pipeline_parameter (pipeline_code,pipeline_sub_code,parameter_code,display_order,source_column_name,source_operator,comment,active,touched_by,touched_dtm)Values ('pl_invoice_payment_schedules','NetworkFolder','client_secret',11,'client_secret','IN',NULL,1,'aditya.anand2@mcdermott.com','2025-12-17 06:16:12.197')

insert into plp_pipeline_parameter (pipeline_code,pipeline_sub_code,parameter_code,display_order,source_column_name,source_operator,comment,active,touched_by,touched_dtm)Values ('pl_invoice_payment_schedules','NetworkFolder','scope',12,'scope','IN',NULL,1,'aditya.anand2@mcdermott.com','2025-12-17 06:16:12.197')

insert into plp_pipeline_parameter (pipeline_code,pipeline_sub_code,parameter_code,display_order,source_column_name,source_operator,comment,active,touched_by,touched_dtm)Values ('pl_invoice_payment_schedules','NetworkFolder','token_url',13,'token_url','IN',NULL,1,'aditya.anand2@mcdermott.com','2025-12-17 06:16:12.197')



insert into plp_parameter_value
(parameter_code,parameter_value,active,touched_by,touched_dtm,pipeline_code,pipeline_sub_code)
values ('client_id','7ba0d0715e9b48fa92fe905dc1504e22',1,'aditya.anand2@mcdermott.com',@dd,'pl_invoice_payment_schedules','NetworkFolder')


insert into plp_parameter_value
(parameter_code,parameter_value,active,touched_by,touched_dtm,pipeline_code,pipeline_sub_code)
values ('client_secret','idcscs-1f32688a-cb2a-4386-b6c4-02e07d01928c',1,'aditya.anand2@mcdermott.com',@dd,'pl_invoice_payment_schedules','NetworkFolder')


insert into plp_parameter_value
(parameter_code,parameter_value,active,touched_by,touched_dtm,pipeline_code,pipeline_sub_code)
values ('scope','https://edsv-dev2.fa.us2.oraclecloud.com:443/',1,'aditya.anand2@mcdermott.com',@dd,'pl_invoice_payment_schedules','NetworkFolder')

insert into plp_parameter_value
(parameter_code,parameter_value,active,touched_by,touched_dtm,pipeline_code,pipeline_sub_code)
values ('token_url','https://idcs-5e75f6e22be947de989d7c4f86d59b78.identity.oraclecloud.com/oauth2/v1/token',1,'aditya.anand2@mcdermott.com',@dd,'pl_invoice_payment_schedules','NetworkFolder')







--pl_invoice_payments

insert into plp_pipeline_parameter (pipeline_code,pipeline_sub_code,parameter_code,display_order,source_column_name,source_operator,comment,active,touched_by,touched_dtm)Values ('pl_invoice_payments','NetworkFolder','client_id',10,'client_id','IN',NULL,1,'aditya.anand2@mcdermott.com','2025-12-17 06:16:12.197')

insert into plp_pipeline_parameter (pipeline_code,pipeline_sub_code,parameter_code,display_order,source_column_name,source_operator,comment,active,touched_by,touched_dtm)Values ('pl_invoice_payments','NetworkFolder','client_secret',11,'client_secret','IN',NULL,1,'aditya.anand2@mcdermott.com','2025-12-17 06:16:12.197')

insert into plp_pipeline_parameter (pipeline_code,pipeline_sub_code,parameter_code,display_order,source_column_name,source_operator,comment,active,touched_by,touched_dtm)Values ('pl_invoice_payments','NetworkFolder','scope',12,'scope','IN',NULL,1,'aditya.anand2@mcdermott.com','2025-12-17 06:16:12.197')

insert into plp_pipeline_parameter (pipeline_code,pipeline_sub_code,parameter_code,display_order,source_column_name,source_operator,comment,active,touched_by,touched_dtm)Values ('pl_invoice_payments','NetworkFolder','token_url',13,'token_url','IN',NULL,1,'aditya.anand2@mcdermott.com','2025-12-17 06:16:12.197')




insert into plp_parameter_value
(parameter_code,parameter_value,active,touched_by,touched_dtm,pipeline_code,pipeline_sub_code)
values ('client_id','7ba0d0715e9b48fa92fe905dc1504e22',1,'aditya.anand2@mcdermott.com',@dd,'pl_invoice_payments','NetworkFolder')


insert into plp_parameter_value
(parameter_code,parameter_value,active,touched_by,touched_dtm,pipeline_code,pipeline_sub_code)
values ('client_secret','idcscs-1f32688a-cb2a-4386-b6c4-02e07d01928c',1,'aditya.anand2@mcdermott.com',@dd,'pl_invoice_payments','NetworkFolder')


insert into plp_parameter_value
(parameter_code,parameter_value,active,touched_by,touched_dtm,pipeline_code,pipeline_sub_code)
values ('scope','https://edsv-dev2.fa.us2.oraclecloud.com:443/',1,'aditya.anand2@mcdermott.com',@dd,'pl_invoice_payments','NetworkFolder')

insert into plp_parameter_value
(parameter_code,parameter_value,active,touched_by,touched_dtm,pipeline_code,pipeline_sub_code)
values ('token_url','https://idcs-5e75f6e22be947de989d7c4f86d59b78.identity.oraclecloud.com/oauth2/v1/token',1,'aditya.anand2@mcdermott.com',@dd,'pl_invoice_payments','NetworkFolder')








--pl_invoice_status

insert into plp_pipeline_parameter (pipeline_code,pipeline_sub_code,parameter_code,display_order,source_column_name,source_operator,comment,active,touched_by,touched_dtm)Values ('pl_invoice_status','NetworkFolder','client_id',10,'client_id','IN',NULL,1,'aditya.anand2@mcdermott.com','2025-12-17 06:16:12.197')

insert into plp_pipeline_parameter (pipeline_code,pipeline_sub_code,parameter_code,display_order,source_column_name,source_operator,comment,active,touched_by,touched_dtm)Values ('pl_invoice_status','NetworkFolder','client_secret',11,'client_secret','IN',NULL,1,'aditya.anand2@mcdermott.com','2025-12-17 06:16:12.197')

insert into plp_pipeline_parameter (pipeline_code,pipeline_sub_code,parameter_code,display_order,source_column_name,source_operator,comment,active,touched_by,touched_dtm)Values ('pl_invoice_status','NetworkFolder','scope',12,'scope','IN',NULL,1,'aditya.anand2@mcdermott.com','2025-12-17 06:16:12.197')

insert into plp_pipeline_parameter (pipeline_code,pipeline_sub_code,parameter_code,display_order,source_column_name,source_operator,comment,active,touched_by,touched_dtm)Values ('pl_invoice_status','NetworkFolder','token_url',13,'token_url','IN',NULL,1,'aditya.anand2@mcdermott.com','2025-12-17 06:16:12.197')




insert into plp_parameter_value
(parameter_code,parameter_value,active,touched_by,touched_dtm,pipeline_code,pipeline_sub_code)
values ('client_id','7ba0d0715e9b48fa92fe905dc1504e22',1,'aditya.anand2@mcdermott.com',@dd,'pl_invoice_status','NetworkFolder')


insert into plp_parameter_value
(parameter_code,parameter_value,active,touched_by,touched_dtm,pipeline_code,pipeline_sub_code)
values ('client_secret','idcscs-1f32688a-cb2a-4386-b6c4-02e07d01928c',1,'aditya.anand2@mcdermott.com',@dd,'pl_invoice_status','NetworkFolder')


insert into plp_parameter_value
(parameter_code,parameter_value,active,touched_by,touched_dtm,pipeline_code,pipeline_sub_code)
values ('scope','https://edsv-dev2.fa.us2.oraclecloud.com:443/',1,'aditya.anand2@mcdermott.com',@dd,'pl_invoice_status','NetworkFolder')

insert into plp_parameter_value
(parameter_code,parameter_value,active,touched_by,touched_dtm,pipeline_code,pipeline_sub_code)
values ('token_url','https://idcs-5e75f6e22be947de989d7c4f86d59b78.identity.oraclecloud.com/oauth2/v1/token',1,'aditya.anand2@mcdermott.com',@dd,'pl_invoice_status','NetworkFolder')








--pl_payment_details

insert into plp_pipeline_parameter (pipeline_code,pipeline_sub_code,parameter_code,display_order,source_column_name,source_operator,comment,active,touched_by,touched_dtm)Values ('pl_payment_details','NetworkFolder','client_id',10,'client_id','IN',NULL,1,'aditya.anand2@mcdermott.com','2025-12-17 06:16:12.197')

insert into plp_pipeline_parameter (pipeline_code,pipeline_sub_code,parameter_code,display_order,source_column_name,source_operator,comment,active,touched_by,touched_dtm)Values ('pl_payment_details','NetworkFolder','client_secret',11,'client_secret','IN',NULL,1,'aditya.anand2@mcdermott.com','2025-12-17 06:16:12.197')

insert into plp_pipeline_parameter (pipeline_code,pipeline_sub_code,parameter_code,display_order,source_column_name,source_operator,comment,active,touched_by,touched_dtm)Values ('pl_payment_details','NetworkFolder','scope',12,'scope','IN',NULL,1,'aditya.anand2@mcdermott.com','2025-12-17 06:16:12.197')

insert into plp_pipeline_parameter (pipeline_code,pipeline_sub_code,parameter_code,display_order,source_column_name,source_operator,comment,active,touched_by,touched_dtm)Values ('pl_payment_details','NetworkFolder','token_url',13,'token_url','IN',NULL,1,'aditya.anand2@mcdermott.com','2025-12-17 06:16:12.197')




insert into plp_parameter_value
(parameter_code,parameter_value,active,touched_by,touched_dtm,pipeline_code,pipeline_sub_code)
values ('client_id','7ba0d0715e9b48fa92fe905dc1504e22',1,'aditya.anand2@mcdermott.com',@dd,'pl_payment_details','NetworkFolder')


insert into plp_parameter_value
(parameter_code,parameter_value,active,touched_by,touched_dtm,pipeline_code,pipeline_sub_code)
values ('client_secret','idcscs-1f32688a-cb2a-4386-b6c4-02e07d01928c',1,'aditya.anand2@mcdermott.com',@dd,'pl_payment_details','NetworkFolder')


insert into plp_parameter_value
(parameter_code,parameter_value,active,touched_by,touched_dtm,pipeline_code,pipeline_sub_code)
values ('scope','https://edsv-dev2.fa.us2.oraclecloud.com:443/',1,'aditya.anand2@mcdermott.com',@dd,'pl_payment_details','NetworkFolder')

insert into plp_parameter_value
(parameter_code,parameter_value,active,touched_by,touched_dtm,pipeline_code,pipeline_sub_code)
values ('token_url','https://idcs-5e75f6e22be947de989d7c4f86d59b78.identity.oraclecloud.com/oauth2/v1/token',1,'aditya.anand2@mcdermott.com',@dd,'pl_payment_details','NetworkFolder')









--pl_payment_history

insert into plp_pipeline_parameter (pipeline_code,pipeline_sub_code,parameter_code,display_order,source_column_name,source_operator,comment,active,touched_by,touched_dtm)Values ('pl_payment_history','NetworkFolder','client_id',10,'client_id','IN',NULL,1,'aditya.anand2@mcdermott.com','2025-12-17 06:16:12.197')

insert into plp_pipeline_parameter (pipeline_code,pipeline_sub_code,parameter_code,display_order,source_column_name,source_operator,comment,active,touched_by,touched_dtm)Values ('pl_payment_history','NetworkFolder','client_secret',11,'client_secret','IN',NULL,1,'aditya.anand2@mcdermott.com','2025-12-17 06:16:12.197')

insert into plp_pipeline_parameter (pipeline_code,pipeline_sub_code,parameter_code,display_order,source_column_name,source_operator,comment,active,touched_by,touched_dtm)Values ('pl_payment_history','NetworkFolder','scope',12,'scope','IN',NULL,1,'aditya.anand2@mcdermott.com','2025-12-17 06:16:12.197')

insert into plp_pipeline_parameter (pipeline_code,pipeline_sub_code,parameter_code,display_order,source_column_name,source_operator,comment,active,touched_by,touched_dtm)Values ('pl_payment_history','NetworkFolder','token_url',13,'token_url','IN',NULL,1,'aditya.anand2@mcdermott.com','2025-12-17 06:16:12.197')



insert into plp_parameter_value
(parameter_code,parameter_value,active,touched_by,touched_dtm,pipeline_code,pipeline_sub_code)
values ('client_id','7ba0d0715e9b48fa92fe905dc1504e22',1,'aditya.anand2@mcdermott.com',@dd,'pl_payment_history','NetworkFolder')


insert into plp_parameter_value
(parameter_code,parameter_value,active,touched_by,touched_dtm,pipeline_code,pipeline_sub_code)
values ('client_secret','idcscs-1f32688a-cb2a-4386-b6c4-02e07d01928c',1,'aditya.anand2@mcdermott.com',@dd,'pl_payment_history','NetworkFolder')


insert into plp_parameter_value
(parameter_code,parameter_value,active,touched_by,touched_dtm,pipeline_code,pipeline_sub_code)
values ('scope','https://edsv-dev2.fa.us2.oraclecloud.com:443/',1,'aditya.anand2@mcdermott.com',@dd,'pl_payment_history','NetworkFolder')

insert into plp_parameter_value
(parameter_code,parameter_value,active,touched_by,touched_dtm,pipeline_code,pipeline_sub_code)
values ('token_url','https://idcs-5e75f6e22be947de989d7c4f86d59b78.identity.oraclecloud.com/oauth2/v1/token',1,'aditya.anand2@mcdermott.com',@dd,'pl_payment_history','NetworkFolder')









--pl_prepayment_application_distribution

insert into plp_pipeline_parameter (pipeline_code,pipeline_sub_code,parameter_code,display_order,source_column_name,source_operator,comment,active,touched_by,touched_dtm)Values ('pl_prepayment_application_distribution','NetworkFolder','client_id',10,'client_id','IN',NULL,1,'aditya.anand2@mcdermott.com','2025-12-17 06:16:12.197')

insert into plp_pipeline_parameter (pipeline_code,pipeline_sub_code,parameter_code,display_order,source_column_name,source_operator,comment,active,touched_by,touched_dtm)Values ('pl_prepayment_application_distribution','NetworkFolder','client_secret',11,'client_secret','IN',NULL,1,'aditya.anand2@mcdermott.com','2025-12-17 06:16:12.197')

insert into plp_pipeline_parameter (pipeline_code,pipeline_sub_code,parameter_code,display_order,source_column_name,source_operator,comment,active,touched_by,touched_dtm)Values ('pl_prepayment_application_distribution','NetworkFolder','scope',12,'scope','IN',NULL,1,'aditya.anand2@mcdermott.com','2025-12-17 06:16:12.197')

insert into plp_pipeline_parameter (pipeline_code,pipeline_sub_code,parameter_code,display_order,source_column_name,source_operator,comment,active,touched_by,touched_dtm)Values ('pl_prepayment_application_distribution','NetworkFolder','token_url',13,'token_url','IN',NULL,1,'aditya.anand2@mcdermott.com','2025-12-17 06:16:12.197')




insert into plp_parameter_value
(parameter_code,parameter_value,active,touched_by,touched_dtm,pipeline_code,pipeline_sub_code)
values ('client_id','7ba0d0715e9b48fa92fe905dc1504e22',1,'aditya.anand2@mcdermott.com',@dd,'pl_prepayment_application_distribution','NetworkFolder')


insert into plp_parameter_value
(parameter_code,parameter_value,active,touched_by,touched_dtm,pipeline_code,pipeline_sub_code)
values ('client_secret','idcscs-1f32688a-cb2a-4386-b6c4-02e07d01928c',1,'aditya.anand2@mcdermott.com',@dd,'pl_prepayment_application_distribution','NetworkFolder')


insert into plp_parameter_value
(parameter_code,parameter_value,active,touched_by,touched_dtm,pipeline_code,pipeline_sub_code)
values ('scope','https://edsv-dev2.fa.us2.oraclecloud.com:443/',1,'aditya.anand2@mcdermott.com',@dd,'pl_prepayment_application_distribution','NetworkFolder')

insert into plp_parameter_value
(parameter_code,parameter_value,active,touched_by,touched_dtm,pipeline_code,pipeline_sub_code)
values ('token_url','https://idcs-5e75f6e22be947de989d7c4f86d59b78.identity.oraclecloud.com/oauth2/v1/token',1,'aditya.anand2@mcdermott.com',@dd,'pl_prepayment_application_distribution','NetworkFolder')









--pl_prepayment_history

insert into plp_pipeline_parameter (pipeline_code,pipeline_sub_code,parameter_code,display_order,source_column_name,source_operator,comment,active,touched_by,touched_dtm)Values ('pl_prepayment_history','NetworkFolder','client_id',10,'client_id','IN',NULL,1,'aditya.anand2@mcdermott.com','2025-12-17 06:16:12.197')

insert into plp_pipeline_parameter (pipeline_code,pipeline_sub_code,parameter_code,display_order,source_column_name,source_operator,comment,active,touched_by,touched_dtm)Values ('pl_prepayment_history','NetworkFolder','client_secret',11,'client_secret','IN',NULL,1,'aditya.anand2@mcdermott.com','2025-12-17 06:16:12.197')

insert into plp_pipeline_parameter (pipeline_code,pipeline_sub_code,parameter_code,display_order,source_column_name,source_operator,comment,active,touched_by,touched_dtm)Values ('pl_prepayment_history','NetworkFolder','scope',12,'scope','IN',NULL,1,'aditya.anand2@mcdermott.com','2025-12-17 06:16:12.197')

insert into plp_pipeline_parameter (pipeline_code,pipeline_sub_code,parameter_code,display_order,source_column_name,source_operator,comment,active,touched_by,touched_dtm)Values ('pl_prepayment_history','NetworkFolder','token_url',13,'token_url','IN',NULL,1,'aditya.anand2@mcdermott.com','2025-12-17 06:16:12.197')




insert into plp_parameter_value
(parameter_code,parameter_value,active,touched_by,touched_dtm,pipeline_code,pipeline_sub_code)
values ('client_id','7ba0d0715e9b48fa92fe905dc1504e22',1,'aditya.anand2@mcdermott.com',@dd,'pl_prepayment_history','NetworkFolder')


insert into plp_parameter_value
(parameter_code,parameter_value,active,touched_by,touched_dtm,pipeline_code,pipeline_sub_code)
values ('client_secret','idcscs-1f32688a-cb2a-4386-b6c4-02e07d01928c',1,'aditya.anand2@mcdermott.com',@dd,'pl_prepayment_history','NetworkFolder')


insert into plp_parameter_value
(parameter_code,parameter_value,active,touched_by,touched_dtm,pipeline_code,pipeline_sub_code)
values ('scope','https://edsv-dev2.fa.us2.oraclecloud.com:443/',1,'aditya.anand2@mcdermott.com',@dd,'pl_prepayment_history','NetworkFolder')

insert into plp_parameter_value
(parameter_code,parameter_value,active,touched_by,touched_dtm,pipeline_code,pipeline_sub_code)
values ('token_url','https://idcs-5e75f6e22be947de989d7c4f86d59b78.identity.oraclecloud.com/oauth2/v1/token',1,'aditya.anand2@mcdermott.com',@dd,'pl_prepayment_history','NetworkFolder')





--pl_project_elements_data

insert into plp_pipeline_parameter (pipeline_code,pipeline_sub_code,parameter_code,display_order,source_column_name,source_operator,comment,active,touched_by,touched_dtm)Values ('pl_project_elements_data','NetworkFolder','client_id',10,'client_id','IN',NULL,1,'aditya.anand2@mcdermott.com','2025-12-17 06:16:12.197')

insert into plp_pipeline_parameter (pipeline_code,pipeline_sub_code,parameter_code,display_order,source_column_name,source_operator,comment,active,touched_by,touched_dtm)Values ('pl_project_elements_data','NetworkFolder','client_secret',11,'client_secret','IN',NULL,1,'aditya.anand2@mcdermott.com','2025-12-17 06:16:12.197')

insert into plp_pipeline_parameter (pipeline_code,pipeline_sub_code,parameter_code,display_order,source_column_name,source_operator,comment,active,touched_by,touched_dtm)Values ('pl_project_elements_data','NetworkFolder','scope',12,'scope','IN',NULL,1,'aditya.anand2@mcdermott.com','2025-12-17 06:16:12.197')

insert into plp_pipeline_parameter (pipeline_code,pipeline_sub_code,parameter_code,display_order,source_column_name,source_operator,comment,active,touched_by,touched_dtm)Values ('pl_project_elements_data','NetworkFolder','token_url',13,'token_url','IN',NULL,1,'aditya.anand2@mcdermott.com','2025-12-17 06:16:12.197')




insert into plp_parameter_value
(parameter_code,parameter_value,active,touched_by,touched_dtm,pipeline_code,pipeline_sub_code)
values ('client_id','7ba0d0715e9b48fa92fe905dc1504e22',1,'aditya.anand2@mcdermott.com',@dd,'pl_project_elements_data','NetworkFolder')


insert into plp_parameter_value
(parameter_code,parameter_value,active,touched_by,touched_dtm,pipeline_code,pipeline_sub_code)
values ('client_secret','idcscs-1f32688a-cb2a-4386-b6c4-02e07d01928c',1,'aditya.anand2@mcdermott.com',@dd,'pl_project_elements_data','NetworkFolder')


insert into plp_parameter_value
(parameter_code,parameter_value,active,touched_by,touched_dtm,pipeline_code,pipeline_sub_code)
values ('scope','https://edsv-dev2.fa.us2.oraclecloud.com:443/',1,'aditya.anand2@mcdermott.com',@dd,'pl_project_elements_data','NetworkFolder')

insert into plp_parameter_value
(parameter_code,parameter_value,active,touched_by,touched_dtm,pipeline_code,pipeline_sub_code)
values ('token_url','https://idcs-5e75f6e22be947de989d7c4f86d59b78.identity.oraclecloud.com/oauth2/v1/token',1,'aditya.anand2@mcdermott.com',@dd,'pl_project_elements_data','NetworkFolder')







--pl_projects_data

insert into plp_pipeline_parameter (pipeline_code,pipeline_sub_code,parameter_code,display_order,source_column_name,source_operator,comment,active,touched_by,touched_dtm)Values ('pl_projects_data','NetworkFolder','client_id',10,'client_id','IN',NULL,1,'aditya.anand2@mcdermott.com','2025-12-17 06:16:12.197')

insert into plp_pipeline_parameter (pipeline_code,pipeline_sub_code,parameter_code,display_order,source_column_name,source_operator,comment,active,touched_by,touched_dtm)Values ('pl_projects_data','NetworkFolder','client_secret',11,'client_secret','IN',NULL,1,'aditya.anand2@mcdermott.com','2025-12-17 06:16:12.197')

insert into plp_pipeline_parameter (pipeline_code,pipeline_sub_code,parameter_code,display_order,source_column_name,source_operator,comment,active,touched_by,touched_dtm)Values ('pl_projects_data','NetworkFolder','scope',12,'scope','IN',NULL,1,'aditya.anand2@mcdermott.com','2025-12-17 06:16:12.197')

insert into plp_pipeline_parameter (pipeline_code,pipeline_sub_code,parameter_code,display_order,source_column_name,source_operator,comment,active,touched_by,touched_dtm)Values ('pl_projects_data','NetworkFolder','token_url',13,'token_url','IN',NULL,1,'aditya.anand2@mcdermott.com','2025-12-17 06:16:12.197')




insert into plp_parameter_value
(parameter_code,parameter_value,active,touched_by,touched_dtm,pipeline_code,pipeline_sub_code)
values ('client_id','7ba0d0715e9b48fa92fe905dc1504e22',1,'aditya.anand2@mcdermott.com',@dd,'pl_projects_data','NetworkFolder')


insert into plp_parameter_value
(parameter_code,parameter_value,active,touched_by,touched_dtm,pipeline_code,pipeline_sub_code)
values ('client_secret','idcscs-1f32688a-cb2a-4386-b6c4-02e07d01928c',1,'aditya.anand2@mcdermott.com',@dd,'pl_projects_data','NetworkFolder')


insert into plp_parameter_value
(parameter_code,parameter_value,active,touched_by,touched_dtm,pipeline_code,pipeline_sub_code)
values ('scope','https://edsv-dev2.fa.us2.oraclecloud.com:443/',1,'aditya.anand2@mcdermott.com',@dd,'pl_projects_data','NetworkFolder')

insert into plp_parameter_value
(parameter_code,parameter_value,active,touched_by,touched_dtm,pipeline_code,pipeline_sub_code)
values ('token_url','https://idcs-5e75f6e22be947de989d7c4f86d59b78.identity.oraclecloud.com/oauth2/v1/token',1,'aditya.anand2@mcdermott.com',@dd,'pl_projects_data','NetworkFolder')






--pl_supplier_data

insert into plp_pipeline_parameter (pipeline_code,pipeline_sub_code,parameter_code,display_order,source_column_name,source_operator,comment,active,touched_by,touched_dtm)Values ('pl_supplier_data','NetworkFolder','client_id',10,'client_id','IN',NULL,1,'aditya.anand2@mcdermott.com','2025-12-17 06:16:12.197')

insert into plp_pipeline_parameter (pipeline_code,pipeline_sub_code,parameter_code,display_order,source_column_name,source_operator,comment,active,touched_by,touched_dtm)Values ('pl_supplier_data','NetworkFolder','client_secret',11,'client_secret','IN',NULL,1,'aditya.anand2@mcdermott.com','2025-12-17 06:16:12.197')

insert into plp_pipeline_parameter (pipeline_code,pipeline_sub_code,parameter_code,display_order,source_column_name,source_operator,comment,active,touched_by,touched_dtm)Values ('pl_supplier_data','NetworkFolder','scope',12,'scope','IN',NULL,1,'aditya.anand2@mcdermott.com','2025-12-17 06:16:12.197')

insert into plp_pipeline_parameter (pipeline_code,pipeline_sub_code,parameter_code,display_order,source_column_name,source_operator,comment,active,touched_by,touched_dtm)Values ('pl_supplier_data','NetworkFolder','token_url',13,'token_url','IN',NULL,1,'aditya.anand2@mcdermott.com','2025-12-17 06:16:12.197')




insert into plp_parameter_value
(parameter_code,parameter_value,active,touched_by,touched_dtm,pipeline_code,pipeline_sub_code)
values ('client_id','7ba0d0715e9b48fa92fe905dc1504e22',1,'aditya.anand2@mcdermott.com',@dd,'pl_supplier_data','NetworkFolder')


insert into plp_parameter_value
(parameter_code,parameter_value,active,touched_by,touched_dtm,pipeline_code,pipeline_sub_code)
values ('client_secret','idcscs-1f32688a-cb2a-4386-b6c4-02e07d01928c',1,'aditya.anand2@mcdermott.com',@dd,'pl_supplier_data','NetworkFolder')


insert into plp_parameter_value
(parameter_code,parameter_value,active,touched_by,touched_dtm,pipeline_code,pipeline_sub_code)
values ('scope','https://edsv-dev2.fa.us2.oraclecloud.com:443/',1,'aditya.anand2@mcdermott.com',@dd,'pl_supplier_data','NetworkFolder')

insert into plp_parameter_value
(parameter_code,parameter_value,active,touched_by,touched_dtm,pipeline_code,pipeline_sub_code)
values ('token_url','https://idcs-5e75f6e22be947de989d7c4f86d59b78.identity.oraclecloud.com/oauth2/v1/token',1,'aditya.anand2@mcdermott.com',@dd,'pl_supplier_data','NetworkFolder')









--pl_supplier_site_data

insert into plp_pipeline_parameter (pipeline_code,pipeline_sub_code,parameter_code,display_order,source_column_name,source_operator,comment,active,touched_by,touched_dtm)Values ('pl_supplier_site_data','NetworkFolder','client_id',10,'client_id','IN',NULL,1,'aditya.anand2@mcdermott.com','2025-12-17 06:16:12.197')

insert into plp_pipeline_parameter (pipeline_code,pipeline_sub_code,parameter_code,display_order,source_column_name,source_operator,comment,active,touched_by,touched_dtm)Values ('pl_supplier_site_data','NetworkFolder','client_secret',11,'client_secret','IN',NULL,1,'aditya.anand2@mcdermott.com','2025-12-17 06:16:12.197')

insert into plp_pipeline_parameter (pipeline_code,pipeline_sub_code,parameter_code,display_order,source_column_name,source_operator,comment,active,touched_by,touched_dtm)Values ('pl_supplier_site_data','NetworkFolder','scope',12,'scope','IN',NULL,1,'aditya.anand2@mcdermott.com','2025-12-17 06:16:12.197')

insert into plp_pipeline_parameter (pipeline_code,pipeline_sub_code,parameter_code,display_order,source_column_name,source_operator,comment,active,touched_by,touched_dtm)Values ('pl_supplier_site_data','NetworkFolder','token_url',13,'token_url','IN',NULL,1,'aditya.anand2@mcdermott.com','2025-12-17 06:16:12.197')




insert into plp_parameter_value
(parameter_code,parameter_value,active,touched_by,touched_dtm,pipeline_code,pipeline_sub_code)
values ('client_id','7ba0d0715e9b48fa92fe905dc1504e22',1,'aditya.anand2@mcdermott.com',@dd,'pl_supplier_site_data','NetworkFolder')


insert into plp_parameter_value
(parameter_code,parameter_value,active,touched_by,touched_dtm,pipeline_code,pipeline_sub_code)
values ('client_secret','idcscs-1f32688a-cb2a-4386-b6c4-02e07d01928c',1,'aditya.anand2@mcdermott.com',@dd,'pl_supplier_site_data','NetworkFolder')


insert into plp_parameter_value
(parameter_code,parameter_value,active,touched_by,touched_dtm,pipeline_code,pipeline_sub_code)
values ('scope','https://edsv-dev2.fa.us2.oraclecloud.com:443/',1,'aditya.anand2@mcdermott.com',@dd,'pl_supplier_site_data','NetworkFolder')

insert into plp_parameter_value
(parameter_code,parameter_value,active,touched_by,touched_dtm,pipeline_code,pipeline_sub_code)
values ('token_url','https://idcs-5e75f6e22be947de989d7c4f86d59b78.identity.oraclecloud.com/oauth2/v1/token',1,'aditya.anand2@mcdermott.com',@dd,'pl_supplier_site_data','NetworkFolder')







--pl_dashboard_data_security

insert into plp_pipeline_parameter (pipeline_code,pipeline_sub_code,parameter_code,display_order,source_column_name,source_operator,comment,active,touched_by,touched_dtm)Values ('pl_dashboard_data_security','NetworkFolder','client_id',10,'client_id','IN',NULL,1,'aditya.anand2@mcdermott.com','2025-12-17 06:16:12.197')

insert into plp_pipeline_parameter (pipeline_code,pipeline_sub_code,parameter_code,display_order,source_column_name,source_operator,comment,active,touched_by,touched_dtm)Values ('pl_dashboard_data_security','NetworkFolder','client_secret',11,'client_secret','IN',NULL,1,'aditya.anand2@mcdermott.com','2025-12-17 06:16:12.197')

insert into plp_pipeline_parameter (pipeline_code,pipeline_sub_code,parameter_code,display_order,source_column_name,source_operator,comment,active,touched_by,touched_dtm)Values ('pl_dashboard_data_security','NetworkFolder','scope',12,'scope','IN',NULL,1,'aditya.anand2@mcdermott.com','2025-12-17 06:16:12.197')

insert into plp_pipeline_parameter (pipeline_code,pipeline_sub_code,parameter_code,display_order,source_column_name,source_operator,comment,active,touched_by,touched_dtm)Values ('pl_dashboard_data_security','NetworkFolder','token_url',13,'token_url','IN',NULL,1,'aditya.anand2@mcdermott.com','2025-12-17 06:16:12.197')




insert into plp_parameter_value
(parameter_code,parameter_value,active,touched_by,touched_dtm,pipeline_code,pipeline_sub_code)
values ('client_id','7ba0d0715e9b48fa92fe905dc1504e22',1,'aditya.anand2@mcdermott.com',@dd,'pl_dashboard_data_security','NetworkFolder')


insert into plp_parameter_value
(parameter_code,parameter_value,active,touched_by,touched_dtm,pipeline_code,pipeline_sub_code)
values ('client_secret','idcscs-1f32688a-cb2a-4386-b6c4-02e07d01928c',1,'aditya.anand2@mcdermott.com',@dd,'pl_dashboard_data_security','NetworkFolder')


insert into plp_parameter_value
(parameter_code,parameter_value,active,touched_by,touched_dtm,pipeline_code,pipeline_sub_code)
values ('scope','https://edsv-dev2.fa.us2.oraclecloud.com:443/',1,'aditya.anand2@mcdermott.com',@dd,'pl_dashboard_data_security','NetworkFolder')

insert into plp_parameter_value
(parameter_code,parameter_value,active,touched_by,touched_dtm,pipeline_code,pipeline_sub_code)
values ('token_url','https://idcs-5e75f6e22be947de989d7c4f86d59b78.identity.oraclecloud.com/oauth2/v1/token',1,'aditya.anand2@mcdermott.com',@dd,'pl_dashboard_data_security','NetworkFolder')






--pl_exchange_rates_data

insert into plp_pipeline_parameter (pipeline_code,pipeline_sub_code,parameter_code,display_order,source_column_name,source_operator,comment,active,touched_by,touched_dtm)Values ('pl_exchange_rates_data','NetworkFolder','client_id',10,'client_id','IN',NULL,1,'aditya.anand2@mcdermott.com','2025-12-17 06:16:12.197')

insert into plp_pipeline_parameter (pipeline_code,pipeline_sub_code,parameter_code,display_order,source_column_name,source_operator,comment,active,touched_by,touched_dtm)Values ('pl_exchange_rates_data','NetworkFolder','client_secret',11,'client_secret','IN',NULL,1,'aditya.anand2@mcdermott.com','2025-12-17 06:16:12.197')

insert into plp_pipeline_parameter (pipeline_code,pipeline_sub_code,parameter_code,display_order,source_column_name,source_operator,comment,active,touched_by,touched_dtm)Values ('pl_exchange_rates_data','NetworkFolder','scope',12,'scope','IN',NULL,1,'aditya.anand2@mcdermott.com','2025-12-17 06:16:12.197')

insert into plp_pipeline_parameter (pipeline_code,pipeline_sub_code,parameter_code,display_order,source_column_name,source_operator,comment,active,touched_by,touched_dtm)Values ('pl_exchange_rates_data','NetworkFolder','token_url',13,'token_url','IN',NULL,1,'aditya.anand2@mcdermott.com','2025-12-17 06:16:12.197')




insert into plp_parameter_value
(parameter_code,parameter_value,active,touched_by,touched_dtm,pipeline_code,pipeline_sub_code)
values ('client_id','7ba0d0715e9b48fa92fe905dc1504e22',1,'aditya.anand2@mcdermott.com',@dd,'pl_exchange_rates_data','NetworkFolder')


insert into plp_parameter_value
(parameter_code,parameter_value,active,touched_by,touched_dtm,pipeline_code,pipeline_sub_code)
values ('client_secret','idcscs-1f32688a-cb2a-4386-b6c4-02e07d01928c',1,'aditya.anand2@mcdermott.com',@dd,'pl_exchange_rates_data','NetworkFolder')


insert into plp_parameter_value
(parameter_code,parameter_value,active,touched_by,touched_dtm,pipeline_code,pipeline_sub_code)
values ('scope','https://edsv-dev2.fa.us2.oraclecloud.com:443/',1,'aditya.anand2@mcdermott.com',@dd,'pl_exchange_rates_data','NetworkFolder')

insert into plp_parameter_value
(parameter_code,parameter_value,active,touched_by,touched_dtm,pipeline_code,pipeline_sub_code)
values ('token_url','https://idcs-5e75f6e22be947de989d7c4f86d59b78.identity.oraclecloud.com/oauth2/v1/token',1,'aditya.anand2@mcdermott.com',@dd,'pl_exchange_rates_data','NetworkFolder')






--pl_payment_accounting_data

insert into plp_pipeline_parameter (pipeline_code,pipeline_sub_code,parameter_code,display_order,source_column_name,source_operator,comment,active,touched_by,touched_dtm)Values ('pl_payment_accounting_data','NetworkFolder','client_id',10,'client_id','IN',NULL,1,'aditya.anand2@mcdermott.com','2025-12-17 06:16:12.197')

insert into plp_pipeline_parameter (pipeline_code,pipeline_sub_code,parameter_code,display_order,source_column_name,source_operator,comment,active,touched_by,touched_dtm)Values ('pl_payment_accounting_data','NetworkFolder','client_secret',11,'client_secret','IN',NULL,1,'aditya.anand2@mcdermott.com','2025-12-17 06:16:12.197')

insert into plp_pipeline_parameter (pipeline_code,pipeline_sub_code,parameter_code,display_order,source_column_name,source_operator,comment,active,touched_by,touched_dtm)Values ('pl_payment_accounting_data','NetworkFolder','scope',12,'scope','IN',NULL,1,'aditya.anand2@mcdermott.com','2025-12-17 06:16:12.197')

insert into plp_pipeline_parameter (pipeline_code,pipeline_sub_code,parameter_code,display_order,source_column_name,source_operator,comment,active,touched_by,touched_dtm)Values ('pl_payment_accounting_data','NetworkFolder','token_url',13,'token_url','IN',NULL,1,'aditya.anand2@mcdermott.com','2025-12-17 06:16:12.197')




insert into plp_parameter_value
(parameter_code,parameter_value,active,touched_by,touched_dtm,pipeline_code,pipeline_sub_code)
values ('client_id','7ba0d0715e9b48fa92fe905dc1504e22',1,'aditya.anand2@mcdermott.com',@dd,'pl_payment_accounting_data','NetworkFolder')


insert into plp_parameter_value
(parameter_code,parameter_value,active,touched_by,touched_dtm,pipeline_code,pipeline_sub_code)
values ('client_secret','idcscs-1f32688a-cb2a-4386-b6c4-02e07d01928c',1,'aditya.anand2@mcdermott.com',@dd,'pl_payment_accounting_data','NetworkFolder')


insert into plp_parameter_value
(parameter_code,parameter_value,active,touched_by,touched_dtm,pipeline_code,pipeline_sub_code)
values ('scope','https://edsv-dev2.fa.us2.oraclecloud.com:443/',1,'aditya.anand2@mcdermott.com',@dd,'pl_payment_accounting_data','NetworkFolder')

insert into plp_parameter_value
(parameter_code,parameter_value,active,touched_by,touched_dtm,pipeline_code,pipeline_sub_code)
values ('token_url','https://idcs-5e75f6e22be947de989d7c4f86d59b78.identity.oraclecloud.com/oauth2/v1/token',1,'aditya.anand2@mcdermott.com',@dd,'pl_payment_accounting_data','NetworkFolder')





--pl_oracle_data_count_summary_report

insert into plp_pipeline_parameter (pipeline_code,pipeline_sub_code,parameter_code,display_order,source_column_name,source_operator,comment,active,touched_by,touched_dtm)Values ('pl_oracle_data_count_summary_report','NetworkFolder','client_id',10,'client_id','IN',NULL,1,'aditya.anand2@mcdermott.com','2025-12-17 06:16:12.197')

insert into plp_pipeline_parameter (pipeline_code,pipeline_sub_code,parameter_code,display_order,source_column_name,source_operator,comment,active,touched_by,touched_dtm)Values ('pl_oracle_data_count_summary_report','NetworkFolder','client_secret',11,'client_secret','IN',NULL,1,'aditya.anand2@mcdermott.com','2025-12-17 06:16:12.197')

insert into plp_pipeline_parameter (pipeline_code,pipeline_sub_code,parameter_code,display_order,source_column_name,source_operator,comment,active,touched_by,touched_dtm)Values ('pl_oracle_data_count_summary_report','NetworkFolder','scope',12,'scope','IN',NULL,1,'aditya.anand2@mcdermott.com','2025-12-17 06:16:12.197')

insert into plp_pipeline_parameter (pipeline_code,pipeline_sub_code,parameter_code,display_order,source_column_name,source_operator,comment,active,touched_by,touched_dtm)Values ('pl_oracle_data_count_summary_report','NetworkFolder','token_url',13,'token_url','IN',NULL,1,'aditya.anand2@mcdermott.com','2025-12-17 06:16:12.197')




insert into plp_parameter_value
(parameter_code,parameter_value,active,touched_by,touched_dtm,pipeline_code,pipeline_sub_code)
values ('client_id','7ba0d0715e9b48fa92fe905dc1504e22',1,'aditya.anand2@mcdermott.com',@dd,'pl_oracle_data_count_summary_report','NetworkFolder')


insert into plp_parameter_value
(parameter_code,parameter_value,active,touched_by,touched_dtm,pipeline_code,pipeline_sub_code)
values ('client_secret','idcscs-1f32688a-cb2a-4386-b6c4-02e07d01928c',1,'aditya.anand2@mcdermott.com',@dd,'pl_oracle_data_count_summary_report','NetworkFolder')


insert into plp_parameter_value
(parameter_code,parameter_value,active,touched_by,touched_dtm,pipeline_code,pipeline_sub_code)
values ('scope','https://edsv-dev2.fa.us2.oraclecloud.com:443/',1,'aditya.anand2@mcdermott.com',@dd,'pl_oracle_data_count_summary_report','NetworkFolder')

insert into plp_parameter_value
(parameter_code,parameter_value,active,touched_by,touched_dtm,pipeline_code,pipeline_sub_code)
values ('token_url','https://idcs-5e75f6e22be947de989d7c4f86d59b78.identity.oraclecloud.com/oauth2/v1/token',1,'aditya.anand2@mcdermott.com',@dd,'pl_oracle_data_count_summary_report','NetworkFolder')





--pl_oracle_data_count_detail_report

insert into plp_pipeline_parameter (pipeline_code,pipeline_sub_code,parameter_code,display_order,source_column_name,source_operator,comment,active,touched_by,touched_dtm)Values ('pl_oracle_data_count_detail_report','NetworkFolder','client_id',10,'client_id','IN',NULL,1,'aditya.anand2@mcdermott.com','2025-12-17 06:16:12.197')

insert into plp_pipeline_parameter (pipeline_code,pipeline_sub_code,parameter_code,display_order,source_column_name,source_operator,comment,active,touched_by,touched_dtm)Values ('pl_oracle_data_count_detail_report','NetworkFolder','client_secret',11,'client_secret','IN',NULL,1,'aditya.anand2@mcdermott.com','2025-12-17 06:16:12.197')

insert into plp_pipeline_parameter (pipeline_code,pipeline_sub_code,parameter_code,display_order,source_column_name,source_operator,comment,active,touched_by,touched_dtm)Values ('pl_oracle_data_count_detail_report','NetworkFolder','scope',12,'scope','IN',NULL,1,'aditya.anand2@mcdermott.com','2025-12-17 06:16:12.197')

insert into plp_pipeline_parameter (pipeline_code,pipeline_sub_code,parameter_code,display_order,source_column_name,source_operator,comment,active,touched_by,touched_dtm)Values ('pl_oracle_data_count_detail_report','NetworkFolder','token_url',13,'token_url','IN',NULL,1,'aditya.anand2@mcdermott.com','2025-12-17 06:16:12.197')




insert into plp_parameter_value
(parameter_code,parameter_value,active,touched_by,touched_dtm,pipeline_code,pipeline_sub_code)
values ('client_id','7ba0d0715e9b48fa92fe905dc1504e22',1,'aditya.anand2@mcdermott.com',@dd,'pl_oracle_data_count_detail_report','NetworkFolder')


insert into plp_parameter_value
(parameter_code,parameter_value,active,touched_by,touched_dtm,pipeline_code,pipeline_sub_code)
values ('client_secret','idcscs-1f32688a-cb2a-4386-b6c4-02e07d01928c',1,'aditya.anand2@mcdermott.com',@dd,'pl_oracle_data_count_detail_report','NetworkFolder')


insert into plp_parameter_value
(parameter_code,parameter_value,active,touched_by,touched_dtm,pipeline_code,pipeline_sub_code)
values ('scope','https://edsv-dev2.fa.us2.oraclecloud.com:443/',1,'aditya.anand2@mcdermott.com',@dd,'pl_oracle_data_count_detail_report','NetworkFolder')

insert into plp_parameter_value
(parameter_code,parameter_value,active,touched_by,touched_dtm,pipeline_code,pipeline_sub_code)
values ('token_url','https://idcs-5e75f6e22be947de989d7c4f86d59b78.identity.oraclecloud.com/oauth2/v1/token',1,'aditya.anand2@mcdermott.com',@dd,'pl_oracle_data_count_detail_report','NetworkFolder')




