DECLARE @Date DATETIME;
SET @Date = GETDATE();


INSERT INTO [dbo].[plp_parameter]
([parameter_code],[parameter_type_code],[description],[parameter_data_type],[max_no_values],[parameter_size],[comment],[active],[touched_by],[touched_dtm])
     VALUES('Forecast_Quantity_code','PIPELINE','Forecast_Quantity_code','T','1','100',NULL,1,'abhijit.kharat@mcdermott.com',@Date)

INSERT INTO [dbo].[plp_pipeline] ([pipeline_code],[subject_area_code],[description],[comment],[active],[touched_by],[touched_dtm],[sec_sa_id])
	VALUES ('pl_mcpmdata_cost_hours_stage_raw','POD','MCPM Legacy Cost Hours File from ADLS Stage to ADLS Raw Folder',NULL,1,'abhijit.kharat@mcdermott.com',@Date,47)
INSERT INTO [dbo].[plp_pipeline] ([pipeline_code],[subject_area_code],[description],[comment],[active],[touched_by],[touched_dtm],[sec_sa_id])
	VALUES ('pl_mcpmdata_cost_hours_raw_to_synapse_stage','POD','MCPM Legacy Cost Hours raw to synapse load',NULL,1,'abhijit.kharat@mcdermott.com',@Date,47)
INSERT INTO [dbo].[plp_pipeline] ([pipeline_code],[subject_area_code],[description],[comment],[active],[touched_by],[touched_dtm],[sec_sa_id])
	VALUES ('pl_mcpmdata_cost_hours_source_to_stage','POD','MCPM Legacy Cost Hours File to ADLS Stage Folder',NULL,1,'abhijit.kharat@mcdermott.com',@Date,47)
INSERT INTO [dbo].[plp_pipeline] ([pipeline_code],[subject_area_code],[description],[comment],[active],[touched_by],[touched_dtm],[sec_sa_id])
	VALUES ('pl_mcpmdata_cost_hours_master_pipeline','POD','MCPM Legacy Cost Hours master pipeline',NULL,1,'abhijit.kharat@mcdermott.com',@Date,47)


INSERT INTO [dbo].[plp_pipeline_parameter] ([pipeline_code],[pipeline_sub_code],[parameter_code],[display_order],[source_column_name],[source_operator],[comment],[active],[touched_by],[touched_dtm]) 
VALUES('pl_mcpmdata_cost_hours_raw_to_synapse_stage','NetworkFolder','data_class_rate_code',12,'data_class_rate_code','IN',NULL,1,'abhijit.kharat@mcdermott.com',@Date)
INSERT INTO [dbo].[plp_pipeline_parameter] ([pipeline_code],[pipeline_sub_code],[parameter_code],[display_order],[source_column_name],[source_operator],[comment],[active],[touched_by],[touched_dtm]) 
VALUES('pl_mcpmdata_cost_hours_raw_to_synapse_stage','NetworkFolder','roc_code',8,'roc_code','IN',NULL,1,'abhijit.kharat@mcdermott.com',@Date)
INSERT INTO [dbo].[plp_pipeline_parameter] ([pipeline_code],[pipeline_sub_code],[parameter_code],[display_order],[source_column_name],[source_operator],[comment],[active],[touched_by],[touched_dtm]) 
VALUES('pl_mcpmdata_cost_hours_raw_to_synapse_stage','NetworkFolder','data_class_quantity_code',9,'data_class_quantity_code','IN',NULL,1,'abhijit.kharat@mcdermott.com',@Date)
INSERT INTO [dbo].[plp_pipeline_parameter] ([pipeline_code],[pipeline_sub_code],[parameter_code],[display_order],[source_column_name],[source_operator],[comment],[active],[touched_by],[touched_dtm]) 
VALUES('pl_mcpmdata_cost_hours_raw_to_synapse_stage','NetworkFolder','Forecast_Quantity_code',51,'Forecast_Quantity_code','IN',NULL,1,'abhijit.kharat@mcdermott.com',@Date)
INSERT INTO [dbo].[plp_pipeline_parameter] ([pipeline_code],[pipeline_sub_code],[parameter_code],[display_order],[source_column_name],[source_operator],[comment],[active],[touched_by],[touched_dtm]) 
VALUES('pl_mcpmdata_cost_hours_raw_to_synapse_stage','NetworkFolder','Committed_Amount_code',36,'Committed_Amount_code','IN',NULL,1,'abhijit.kharat@mcdermott.com',@Date)
INSERT INTO [dbo].[plp_pipeline_parameter] ([pipeline_code],[pipeline_sub_code],[parameter_code],[display_order],[source_column_name],[source_operator],[comment],[active],[touched_by],[touched_dtm]) 
VALUES('pl_mcpmdata_cost_hours_raw_to_synapse_stage','NetworkFolder','data_class_hours_code',10,'data_class_hours_code','IN',NULL,1,'abhijit.kharat@mcdermott.com',@Date)
INSERT INTO [dbo].[plp_pipeline_parameter] ([pipeline_code],[pipeline_sub_code],[parameter_code],[display_order],[source_column_name],[source_operator],[comment],[active],[touched_by],[touched_dtm]) 
VALUES('pl_mcpmdata_cost_hours_raw_to_synapse_stage','NetworkFolder','Take_Off_Hours_code',45,'Take_Off_Hours_code','IN',NULL,1,'abhijit.kharat@mcdermott.com',@Date)
INSERT INTO [dbo].[plp_pipeline_parameter] ([pipeline_code],[pipeline_sub_code],[parameter_code],[display_order],[source_column_name],[source_operator],[comment],[active],[touched_by],[touched_dtm]) 
VALUES('pl_mcpmdata_cost_hours_raw_to_synapse_stage','NetworkFolder','Current_Budget_Hours_code',26,'Current_Budget_Hours_code','IN',NULL,1,'abhijit.kharat@mcdermott.com',@Date)
INSERT INTO [dbo].[plp_pipeline_parameter] ([pipeline_code],[pipeline_sub_code],[parameter_code],[display_order],[source_column_name],[source_operator],[comment],[active],[touched_by],[touched_dtm]) 
VALUES('pl_mcpmdata_cost_hours_raw_to_synapse_stage','NetworkFolder','Original_Budget_Rate_code',24,'Original_Budget_Rate_code','IN',NULL,1,'abhijit.kharat@mcdermott.com',@Date)
INSERT INTO [dbo].[plp_pipeline_parameter] ([pipeline_code],[pipeline_sub_code],[parameter_code],[display_order],[source_column_name],[source_operator],[comment],[active],[touched_by],[touched_dtm]) 
VALUES('pl_mcpmdata_cost_hours_raw_to_synapse_stage','NetworkFolder','Forecast_Amount_code',47,'Forecast_Amount_code','IN',NULL,1,'abhijit.kharat@mcdermott.com',@Date)
INSERT INTO [dbo].[plp_pipeline_parameter] ([pipeline_code],[pipeline_sub_code],[parameter_code],[display_order],[source_column_name],[source_operator],[comment],[active],[touched_by],[touched_dtm]) 
VALUES('pl_mcpmdata_cost_hours_raw_to_synapse_stage','NetworkFolder','Original_Budget_Hours_code',22,'Original_Budget_Hours_code','IN',NULL,1,'abhijit.kharat@mcdermott.com',@Date)
INSERT INTO [dbo].[plp_pipeline_parameter] ([pipeline_code],[pipeline_sub_code],[parameter_code],[display_order],[source_column_name],[source_operator],[comment],[active],[touched_by],[touched_dtm]) 
VALUES('pl_mcpmdata_cost_hours_raw_to_synapse_stage','NetworkFolder','ACTIVITY_CODE',5,'ACTIVITY_CODE','IN',NULL,1,'abhijit.kharat@mcdermott.com',@Date)
INSERT INTO [dbo].[plp_pipeline_parameter] ([pipeline_code],[pipeline_sub_code],[parameter_code],[display_order],[source_column_name],[source_operator],[comment],[active],[touched_by],[touched_dtm]) 
VALUES('pl_mcpmdata_cost_hours_raw_to_synapse_stage','NetworkFolder','Estimate_To_Complete_Rate_code',35,'Estimate_To_Complete_Rate_code','IN',NULL,1,'abhijit.kharat@mcdermott.com',@Date)
INSERT INTO [dbo].[plp_pipeline_parameter] ([pipeline_code],[pipeline_sub_code],[parameter_code],[display_order],[source_column_name],[source_operator],[comment],[active],[touched_by],[touched_dtm]) 
VALUES('pl_mcpmdata_cost_hours_raw_to_synapse_stage','NetworkFolder','sub_source_code',16,'sub_source_code','IN',NULL,1,'abhijit.kharat@mcdermott.com',@Date)
INSERT INTO [dbo].[plp_pipeline_parameter] ([pipeline_code],[pipeline_sub_code],[parameter_code],[display_order],[source_column_name],[source_operator],[comment],[active],[touched_by],[touched_dtm]) 
VALUES('pl_mcpmdata_cost_hours_raw_to_synapse_stage','NetworkFolder','Current_Budget_Amount_code',27,'Current_Budget_Amount_code','IN',NULL,1,'abhijit.kharat@mcdermott.com',@Date)
INSERT INTO [dbo].[plp_pipeline_parameter] ([pipeline_code],[pipeline_sub_code],[parameter_code],[display_order],[source_column_name],[source_operator],[comment],[active],[touched_by],[touched_dtm]) 
VALUES('pl_mcpmdata_cost_hours_raw_to_synapse_stage','NetworkFolder','Take_Off_Quantity_code',44,'Take_Off_Quantity_code','IN',NULL,1,'abhijit.kharat@mcdermott.com',@Date)
INSERT INTO [dbo].[plp_pipeline_parameter] ([pipeline_code],[pipeline_sub_code],[parameter_code],[display_order],[source_column_name],[source_operator],[comment],[active],[touched_by],[touched_dtm]) 
VALUES('pl_mcpmdata_cost_hours_raw_to_synapse_stage','NetworkFolder','IWP_CODE',6,'IWP_CODE','IN',NULL,1,'abhijit.kharat@mcdermott.com',@Date)
INSERT INTO [dbo].[plp_pipeline_parameter] ([pipeline_code],[pipeline_sub_code],[parameter_code],[display_order],[source_column_name],[source_operator],[comment],[active],[touched_by],[touched_dtm]) 
VALUES('pl_mcpmdata_cost_hours_raw_to_synapse_stage','NetworkFolder','Actual_Hours_code',38,'Actual_Hours_code','IN',NULL,1,'abhijit.kharat@mcdermott.com',@Date)
INSERT INTO [dbo].[plp_pipeline_parameter] ([pipeline_code],[pipeline_sub_code],[parameter_code],[display_order],[source_column_name],[source_operator],[comment],[active],[touched_by],[touched_dtm]) 
VALUES('pl_mcpmdata_cost_hours_raw_to_synapse_stage','NetworkFolder','SCHEDULE_RESOURCE_CODE',4,'SCHEDULE_RESOURCE_CODE','IN',NULL,1,'abhijit.kharat@mcdermott.com',@Date)
INSERT INTO [dbo].[plp_pipeline_parameter] ([pipeline_code],[pipeline_sub_code],[parameter_code],[display_order],[source_column_name],[source_operator],[comment],[active],[touched_by],[touched_dtm]) 
VALUES('pl_mcpmdata_cost_hours_raw_to_synapse_stage','NetworkFolder','Progress_Base_Hours_code',29,'Progress_Base_Hours_code','IN',NULL,1,'abhijit.kharat@mcdermott.com',@Date)
INSERT INTO [dbo].[plp_pipeline_parameter] ([pipeline_code],[pipeline_sub_code],[parameter_code],[display_order],[source_column_name],[source_operator],[comment],[active],[touched_by],[touched_dtm]) 
VALUES('pl_mcpmdata_cost_hours_raw_to_synapse_stage','NetworkFolder','Committed_Hours_code',37,'Committed_Hours_code','IN',NULL,1,'abhijit.kharat@mcdermott.com',@Date)
INSERT INTO [dbo].[plp_pipeline_parameter] ([pipeline_code],[pipeline_sub_code],[parameter_code],[display_order],[source_column_name],[source_operator],[comment],[active],[touched_by],[touched_dtm]) 
VALUES('pl_mcpmdata_cost_hours_raw_to_synapse_stage','NetworkFolder','Progress_Base_Quantity_code',28,'Progress_Base_Quantity_code','IN',NULL,1,'abhijit.kharat@mcdermott.com',@Date)
INSERT INTO [dbo].[plp_pipeline_parameter] ([pipeline_code],[pipeline_sub_code],[parameter_code],[display_order],[source_column_name],[source_operator],[comment],[active],[touched_by],[touched_dtm]) 
VALUES('pl_mcpmdata_cost_hours_raw_to_synapse_stage','NetworkFolder','Estimate_To_Complete_Hours_code',33,'Estimate_To_Complete_Hours_code','IN',NULL,1,'abhijit.kharat@mcdermott.com',@Date)
INSERT INTO [dbo].[plp_pipeline_parameter] ([pipeline_code],[pipeline_sub_code],[parameter_code],[display_order],[source_column_name],[source_operator],[comment],[active],[touched_by],[touched_dtm]) 
VALUES('pl_mcpmdata_cost_hours_raw_to_synapse_stage','NetworkFolder','Current_Budget_Quantity_code',25,'Current_Budget_Quantity_code','IN',NULL,1,'abhijit.kharat@mcdermott.com',@Date)
INSERT INTO [dbo].[plp_pipeline_parameter] ([pipeline_code],[pipeline_sub_code],[parameter_code],[display_order],[source_column_name],[source_operator],[comment],[active],[touched_by],[touched_dtm]) 
VALUES('pl_mcpmdata_cost_hours_raw_to_synapse_stage','NetworkFolder','start_date',1,'start_date','IN',NULL,1,'abhijit.kharat@mcdermott.com',@Date)
INSERT INTO [dbo].[plp_pipeline_parameter] ([pipeline_code],[pipeline_sub_code],[parameter_code],[display_order],[source_column_name],[source_operator],[comment],[active],[touched_by],[touched_dtm]) 
VALUES('pl_mcpmdata_cost_hours_raw_to_synapse_stage','NetworkFolder','data_class_amount_code',11,'data_class_amount_code','IN',NULL,1,'abhijit.kharat@mcdermott.com',@Date)
INSERT INTO [dbo].[plp_pipeline_parameter] ([pipeline_code],[pipeline_sub_code],[parameter_code],[display_order],[source_column_name],[source_operator],[comment],[active],[touched_by],[touched_dtm]) 
VALUES('pl_mcpmdata_cost_hours_raw_to_synapse_stage','NetworkFolder','Earned_Quantity_code',41,'Earned_Quantity_code','IN',NULL,1,'abhijit.kharat@mcdermott.com',@Date)
INSERT INTO [dbo].[plp_pipeline_parameter] ([pipeline_code],[pipeline_sub_code],[parameter_code],[display_order],[source_column_name],[source_operator],[comment],[active],[touched_by],[touched_dtm]) 
VALUES('pl_mcpmdata_cost_hours_raw_to_synapse_stage','NetworkFolder','Earned_Hours_code',42,'Earned_Hours_code','IN',NULL,1,'abhijit.kharat@mcdermott.com',@Date)
INSERT INTO [dbo].[plp_pipeline_parameter] ([pipeline_code],[pipeline_sub_code],[parameter_code],[display_order],[source_column_name],[source_operator],[comment],[active],[touched_by],[touched_dtm]) 
VALUES('pl_mcpmdata_cost_hours_raw_to_synapse_stage','NetworkFolder','Estimate_To_Complete_Amount_code',34,'Estimate_To_Complete_Amount_code','IN',NULL,1,'abhijit.kharat@mcdermott.com',@Date)
INSERT INTO [dbo].[plp_pipeline_parameter] ([pipeline_code],[pipeline_sub_code],[parameter_code],[display_order],[source_column_name],[source_operator],[comment],[active],[touched_by],[touched_dtm]) 
VALUES('pl_mcpmdata_cost_hours_raw_to_synapse_stage','NetworkFolder','end_date',2,'end_date','IN',NULL,1,'abhijit.kharat@mcdermott.com',@Date)
INSERT INTO [dbo].[plp_pipeline_parameter] ([pipeline_code],[pipeline_sub_code],[parameter_code],[display_order],[source_column_name],[source_operator],[comment],[active],[touched_by],[touched_dtm]) 
VALUES('pl_mcpmdata_cost_hours_raw_to_synapse_stage','NetworkFolder','unit_of_measure_code_hours',54,'unit_of_measure_code_hours','IN',NULL,1,'abhijit.kharat@mcdermott.com',@Date)
INSERT INTO [dbo].[plp_pipeline_parameter] ([pipeline_code],[pipeline_sub_code],[parameter_code],[display_order],[source_column_name],[source_operator],[comment],[active],[touched_by],[touched_dtm]) 
VALUES('pl_mcpmdata_cost_hours_raw_to_synapse_stage','NetworkFolder','Progress_Base_Amount_code',30,'Progress_Base_Amount_code','IN',NULL,1,'abhijit.kharat@mcdermott.com',@Date)
INSERT INTO [dbo].[plp_pipeline_parameter] ([pipeline_code],[pipeline_sub_code],[parameter_code],[display_order],[source_column_name],[source_operator],[comment],[active],[touched_by],[touched_dtm]) 
VALUES('pl_mcpmdata_cost_hours_raw_to_synapse_stage','NetworkFolder','Percentage_Complete_code',49,'Percentage_Complete_code','IN',NULL,1,'abhijit.kharat@mcdermott.com',@Date)
INSERT INTO [dbo].[plp_pipeline_parameter] ([pipeline_code],[pipeline_sub_code],[parameter_code],[display_order],[source_column_name],[source_operator],[comment],[active],[touched_by],[touched_dtm]) 
VALUES('pl_mcpmdata_cost_hours_raw_to_synapse_stage','NetworkFolder','Actual_Rate_code_code',40,'Actual_Rate_code_code','IN',NULL,1,'abhijit.kharat@mcdermott.com',@Date)
INSERT INTO [dbo].[plp_pipeline_parameter] ([pipeline_code],[pipeline_sub_code],[parameter_code],[display_order],[source_column_name],[source_operator],[comment],[active],[touched_by],[touched_dtm]) 
VALUES('pl_mcpmdata_cost_hours_raw_to_synapse_stage','NetworkFolder','function_code',56,'function_code','IN',NULL,1,'abhijit.kharat@mcdermott.com',@Date)
INSERT INTO [dbo].[plp_pipeline_parameter] ([pipeline_code],[pipeline_sub_code],[parameter_code],[display_order],[source_column_name],[source_operator],[comment],[active],[touched_by],[touched_dtm]) 
VALUES('pl_mcpmdata_cost_hours_raw_to_synapse_stage','NetworkFolder','Estimate_At_Completion_Hours_code',31,'Estimate_At_Completion_Hours_code','IN',NULL,1,'abhijit.kharat@mcdermott.com',@Date)
INSERT INTO [dbo].[plp_pipeline_parameter] ([pipeline_code],[pipeline_sub_code],[parameter_code],[display_order],[source_column_name],[source_operator],[comment],[active],[touched_by],[touched_dtm]) 
VALUES('pl_mcpmdata_cost_hours_raw_to_synapse_stage','NetworkFolder','Actual_Amount_code',39,'Actual_Amount_code','IN',NULL,1,'abhijit.kharat@mcdermott.com',@Date)
INSERT INTO [dbo].[plp_pipeline_parameter] ([pipeline_code],[pipeline_sub_code],[parameter_code],[display_order],[source_column_name],[source_operator],[comment],[active],[touched_by],[touched_dtm]) 
VALUES('pl_mcpmdata_cost_hours_raw_to_synapse_stage','NetworkFolder','projectid',50,'projectid','IN',NULL,1,'abhijit.kharat@mcdermott.com',@Date)
INSERT INTO [dbo].[plp_pipeline_parameter] ([pipeline_code],[pipeline_sub_code],[parameter_code],[display_order],[source_column_name],[source_operator],[comment],[active],[touched_by],[touched_dtm]) 
VALUES('pl_mcpmdata_cost_hours_raw_to_synapse_stage','NetworkFolder','pim_code',7,'pim_code','IN',NULL,1,'abhijit.kharat@mcdermott.com',@Date)
INSERT INTO [dbo].[plp_pipeline_parameter] ([pipeline_code],[pipeline_sub_code],[parameter_code],[display_order],[source_column_name],[source_operator],[comment],[active],[touched_by],[touched_dtm]) 
VALUES('pl_mcpmdata_cost_hours_raw_to_synapse_stage','NetworkFolder','unit_of_measure_code_amount',52,'unit_of_measure_code_amount','IN',NULL,1,'abhijit.kharat@mcdermott.com',@Date)
INSERT INTO [dbo].[plp_pipeline_parameter] ([pipeline_code],[pipeline_sub_code],[parameter_code],[display_order],[source_column_name],[source_operator],[comment],[active],[touched_by],[touched_dtm]) 
VALUES('pl_mcpmdata_cost_hours_raw_to_synapse_stage','NetworkFolder','Earned_Amount_code',43,'Earned_Amount_code','IN',NULL,1,'abhijit.kharat@mcdermott.com',@Date)
INSERT INTO [dbo].[plp_pipeline_parameter] ([pipeline_code],[pipeline_sub_code],[parameter_code],[display_order],[source_column_name],[source_operator],[comment],[active],[touched_by],[touched_dtm]) 
VALUES('pl_mcpmdata_cost_hours_raw_to_synapse_stage','NetworkFolder','Original_Budget_Amount_code',23,'Original_Budget_Amount_code','IN',NULL,1,'abhijit.kharat@mcdermott.com',@Date)
INSERT INTO [dbo].[plp_pipeline_parameter] ([pipeline_code],[pipeline_sub_code],[parameter_code],[display_order],[source_column_name],[source_operator],[comment],[active],[touched_by],[touched_dtm]) 
VALUES('pl_mcpmdata_cost_hours_raw_to_synapse_stage','NetworkFolder','Original_Budget_Quantity_code',21,'Original_Budget_Quantity_code','IN',NULL,1,'abhijit.kharat@mcdermott.com',@Date)
INSERT INTO [dbo].[plp_pipeline_parameter] ([pipeline_code],[pipeline_sub_code],[parameter_code],[display_order],[source_column_name],[source_operator],[comment],[active],[touched_by],[touched_dtm]) 
VALUES('pl_mcpmdata_cost_hours_raw_to_synapse_stage','NetworkFolder','source_code',15,'source_code','IN',NULL,1,'abhijit.kharat@mcdermott.com',@Date)
INSERT INTO [dbo].[plp_pipeline_parameter] ([pipeline_code],[pipeline_sub_code],[parameter_code],[display_order],[source_column_name],[source_operator],[comment],[active],[touched_by],[touched_dtm]) 
VALUES('pl_mcpmdata_cost_hours_raw_to_synapse_stage','NetworkFolder','unit_of_measure_code_precentage',53,'unit_of_measure_code_precentage','IN',NULL,1,'abhijit.kharat@mcdermott.com',@Date)
INSERT INTO [dbo].[plp_pipeline_parameter] ([pipeline_code],[pipeline_sub_code],[parameter_code],[display_order],[source_column_name],[source_operator],[comment],[active],[touched_by],[touched_dtm]) 
VALUES('pl_mcpmdata_cost_hours_raw_to_synapse_stage','NetworkFolder','unit_of_measure_code_quantity',55,'unit_of_measure_code_quantity','IN',NULL,1,'abhijit.kharat@mcdermott.com',@Date)
INSERT INTO [dbo].[plp_pipeline_parameter] ([pipeline_code],[pipeline_sub_code],[parameter_code],[display_order],[source_column_name],[source_operator],[comment],[active],[touched_by],[touched_dtm]) 
VALUES('pl_mcpmdata_cost_hours_raw_to_synapse_stage','NetworkFolder','Estimate_At_Completion_Amount_code',32,'Estimate_At_Completion_Amount_code','IN',NULL,1,'abhijit.kharat@mcdermott.com',@Date)
INSERT INTO [dbo].[plp_pipeline_parameter] ([pipeline_code],[pipeline_sub_code],[parameter_code],[display_order],[source_column_name],[source_operator],[comment],[active],[touched_by],[touched_dtm]) 
VALUES('pl_mcpmdata_cost_hours_raw_to_synapse_stage','NetworkFolder','Forecast_Rate_code',48,'Forecast_Rate_code','IN',NULL,1,'abhijit.kharat@mcdermott.com',@Date)
INSERT INTO [dbo].[plp_pipeline_parameter] ([pipeline_code],[pipeline_sub_code],[parameter_code],[display_order],[source_column_name],[source_operator],[comment],[active],[touched_by],[touched_dtm]) 
VALUES('pl_mcpmdata_cost_hours_raw_to_synapse_stage','NetworkFolder','CWP_CODE',3,'CWP_CODE','IN',NULL,1,'abhijit.kharat@mcdermott.com',@Date)
INSERT INTO [dbo].[plp_pipeline_parameter] ([pipeline_code],[pipeline_sub_code],[parameter_code],[display_order],[source_column_name],[source_operator],[comment],[active],[touched_by],[touched_dtm]) 
VALUES('pl_mcpmdata_cost_hours_raw_to_synapse_stage','NetworkFolder','data_class_precentage_code',13,'data_class_precentage_code','IN',NULL,1,'abhijit.kharat@mcdermott.com',@Date)
INSERT INTO [dbo].[plp_pipeline_parameter] ([pipeline_code],[pipeline_sub_code],[parameter_code],[display_order],[source_column_name],[source_operator],[comment],[active],[touched_by],[touched_dtm]) 
VALUES('pl_mcpmdata_cost_hours_raw_to_synapse_stage','NetworkFolder','Forecast_Hours_code',46,'Forecast_Hours_code','IN',NULL,1,'abhijit.kharat@mcdermott.com',@Date)
INSERT INTO [dbo].[plp_pipeline_parameter] ([pipeline_code],[pipeline_sub_code],[parameter_code],[display_order],[source_column_name],[source_operator],[comment],[active],[touched_by],[touched_dtm]) 
VALUES('pl_mcpmdata_cost_hours_source_to_stage','NetworkFolder','folder_path',4,'folder_path','IN',NULL,1,'abhijit.kharat@mcdermott.com',@Date)
INSERT INTO [dbo].[plp_pipeline_parameter] ([pipeline_code],[pipeline_sub_code],[parameter_code],[display_order],[source_column_name],[source_operator],[comment],[active],[touched_by],[touched_dtm]) 
VALUES('pl_mcpmdata_cost_hours_source_to_stage','NetworkFolder','file_name',5,'file_name','IN',NULL,1,'abhijit.kharat@mcdermott.com',@Date)
INSERT INTO [dbo].[plp_pipeline_parameter] ([pipeline_code],[pipeline_sub_code],[parameter_code],[display_order],[source_column_name],[source_operator],[comment],[active],[touched_by],[touched_dtm]) 
VALUES('pl_mcpmdata_cost_hours_source_to_stage','NetworkFolder','source_directory',6,'source_directory','IN',NULL,1,'abhijit.kharat@mcdermott.com',@Date)
INSERT INTO [dbo].[plp_pipeline_parameter] ([pipeline_code],[pipeline_sub_code],[parameter_code],[display_order],[source_column_name],[source_operator],[comment],[active],[touched_by],[touched_dtm]) 
VALUES('pl_mcpmdata_cost_hours_source_to_stage','NetworkFolder','start_date',1,'start_date','IN',NULL,1,'abhijit.kharat@mcdermott.com',@Date)
INSERT INTO [dbo].[plp_pipeline_parameter] ([pipeline_code],[pipeline_sub_code],[parameter_code],[display_order],[source_column_name],[source_operator],[comment],[active],[touched_by],[touched_dtm]) 
VALUES('pl_mcpmdata_cost_hours_source_to_stage','NetworkFolder','end_date',2,'end_date','IN',NULL,1,'abhijit.kharat@mcdermott.com',@Date)
INSERT INTO [dbo].[plp_pipeline_parameter] ([pipeline_code],[pipeline_sub_code],[parameter_code],[display_order],[source_column_name],[source_operator],[comment],[active],[touched_by],[touched_dtm]) 
VALUES('pl_mcpmdata_cost_hours_source_to_stage','NetworkFolder','file_system',3,'file_system','IN',NULL,1,'abhijit.kharat@mcdermott.com',@Date)
INSERT INTO [dbo].[plp_pipeline_parameter] ([pipeline_code],[pipeline_sub_code],[parameter_code],[display_order],[source_column_name],[source_operator],[comment],[active],[touched_by],[touched_dtm]) 
VALUES('pl_mcpmdata_cost_hours_source_to_stage','NetworkFolder','excel_file_name',7,'excel_file_name','IN',NULL,1,'abhijit.kharat@mcdermott.com',@Date)
INSERT INTO [dbo].[plp_pipeline_parameter] ([pipeline_code],[pipeline_sub_code],[parameter_code],[display_order],[source_column_name],[source_operator],[comment],[active],[touched_by],[touched_dtm]) 
VALUES('pl_mcpmdata_cost_hours_stage_raw','NetworkFolder','file_name',4,'file_name','IN',NULL,1,'abhijit.kharat@mcdermott.com',@Date)
INSERT INTO [dbo].[plp_pipeline_parameter] ([pipeline_code],[pipeline_sub_code],[parameter_code],[display_order],[source_column_name],[source_operator],[comment],[active],[touched_by],[touched_dtm]) 
VALUES('pl_mcpmdata_cost_hours_stage_raw ','NetworkFolder','lastrundate',1,'lastrundate','IN',NULL,1,'abhijit.kharat@mcdermott.com',@Date)
INSERT INTO [dbo].[plp_pipeline_parameter] ([pipeline_code],[pipeline_sub_code],[parameter_code],[display_order],[source_column_name],[source_operator],[comment],[active],[touched_by],[touched_dtm]) 
VALUES('pl_mcpmdata_cost_hours_stage_raw ','NetworkFolder','folder_path',3,'folder_path','IN',NULL,1,'abhijit.kharat@mcdermott.com',@Date)
INSERT INTO [dbo].[plp_pipeline_parameter] ([pipeline_code],[pipeline_sub_code],[parameter_code],[display_order],[source_column_name],[source_operator],[comment],[active],[touched_by],[touched_dtm]) 
VALUES('pl_mcpmdata_cost_hours_stage_raw ','NetworkFolder','file_system',2,'file_system','IN',NULL,1,'abhijit.kharat@mcdermott.com',@Date)


INSERT INTO [dbo].[plp_parameter_value] ([parameter_code],[parameter_value],[active],[touched_by],[touched_dtm],[pipeline_code],[pipeline_sub_code])
     VALUES('Take_Off_Quantity_code','Take-Off Quantity',1,'abhijit.kharat@mcdermott.com',@Date,'pl_mcpmdata_cost_hours_raw_to_synapse_stage','NetworkFolder')
INSERT INTO [dbo].[plp_parameter_value] ([parameter_code],[parameter_value],[active],[touched_by],[touched_dtm],[pipeline_code],[pipeline_sub_code])
     VALUES('data_class_amount_code','Amount',1,'abhijit.kharat@mcdermott.com',@Date,'pl_mcpmdata_cost_hours_raw_to_synapse_stage','NetworkFolder')
INSERT INTO [dbo].[plp_parameter_value] ([parameter_code],[parameter_value],[active],[touched_by],[touched_dtm],[pipeline_code],[pipeline_sub_code])
     VALUES('unit_of_measure_code_precentage','Percentage',1,'abhijit.kharat@mcdermott.com',@Date,'pl_mcpmdata_cost_hours_raw_to_synapse_stage','NetworkFolder')
INSERT INTO [dbo].[plp_parameter_value] ([parameter_code],[parameter_value],[active],[touched_by],[touched_dtm],[pipeline_code],[pipeline_sub_code])
     VALUES('Original_Budget_Rate_code','Original Budget Rate',1,'abhijit.kharat@mcdermott.com',@Date,'pl_mcpmdata_cost_hours_raw_to_synapse_stage','NetworkFolder')
INSERT INTO [dbo].[plp_parameter_value] ([parameter_code],[parameter_value],[active],[touched_by],[touched_dtm],[pipeline_code],[pipeline_sub_code])
     VALUES('data_class_precentage_code','Percentage',1,'abhijit.kharat@mcdermott.com',@Date,'pl_mcpmdata_cost_hours_raw_to_synapse_stage','NetworkFolder')
INSERT INTO [dbo].[plp_parameter_value] ([parameter_code],[parameter_value],[active],[touched_by],[touched_dtm],[pipeline_code],[pipeline_sub_code])
     VALUES('data_class_rate_code','Rate',1,'abhijit.kharat@mcdermott.com',@Date,'pl_mcpmdata_cost_hours_raw_to_synapse_stage','NetworkFolder')
INSERT INTO [dbo].[plp_parameter_value] ([parameter_code],[parameter_value],[active],[touched_by],[touched_dtm],[pipeline_code],[pipeline_sub_code])
     VALUES('unit_of_measure_code_amount','Amount',1,'abhijit.kharat@mcdermott.com',@Date,'pl_mcpmdata_cost_hours_raw_to_synapse_stage','NetworkFolder')
INSERT INTO [dbo].[plp_parameter_value] ([parameter_code],[parameter_value],[active],[touched_by],[touched_dtm],[pipeline_code],[pipeline_sub_code])
     VALUES('Actual_Hours_code','Actual Hours',1,'abhijit.kharat@mcdermott.com',@Date,'pl_mcpmdata_cost_hours_raw_to_synapse_stage','NetworkFolder')
INSERT INTO [dbo].[plp_parameter_value] ([parameter_code],[parameter_value],[active],[touched_by],[touched_dtm],[pipeline_code],[pipeline_sub_code])
     VALUES('unit_of_measure_code_hours','Hours',1,'abhijit.kharat@mcdermott.com',@Date,'pl_mcpmdata_cost_hours_raw_to_synapse_stage','NetworkFolder')
INSERT INTO [dbo].[plp_parameter_value] ([parameter_code],[parameter_value],[active],[touched_by],[touched_dtm],[pipeline_code],[pipeline_sub_code])
     VALUES('Actual_Rate_code_code','Actual Rate',1,'abhijit.kharat@mcdermott.com',@Date,'pl_mcpmdata_cost_hours_raw_to_synapse_stage','NetworkFolder')
INSERT INTO [dbo].[plp_parameter_value] ([parameter_code],[parameter_value],[active],[touched_by],[touched_dtm],[pipeline_code],[pipeline_sub_code])
     VALUES('Original_Budget_Quantity_code','Original Budget Quantity',1,'abhijit.kharat@mcdermott.com',@Date,'pl_mcpmdata_cost_hours_raw_to_synapse_stage','NetworkFolder')
INSERT INTO [dbo].[plp_parameter_value] ([parameter_code],[parameter_value],[active],[touched_by],[touched_dtm],[pipeline_code],[pipeline_sub_code])
     VALUES('Current_Budget_Amount_code','Current Budget Amount',1,'abhijit.kharat@mcdermott.com',@Date,'pl_mcpmdata_cost_hours_raw_to_synapse_stage','NetworkFolder')
INSERT INTO [dbo].[plp_parameter_value] ([parameter_code],[parameter_value],[active],[touched_by],[touched_dtm],[pipeline_code],[pipeline_sub_code])
     VALUES('Earned_Quantity_code','Earned Quantity',1,'abhijit.kharat@mcdermott.com',@Date,'pl_mcpmdata_cost_hours_raw_to_synapse_stage','NetworkFolder')
INSERT INTO [dbo].[plp_parameter_value] ([parameter_code],[parameter_value],[active],[touched_by],[touched_dtm],[pipeline_code],[pipeline_sub_code])
     VALUES('Forecast_Amount_code','Forecast Amount',1,'abhijit.kharat@mcdermott.com',@Date,'pl_mcpmdata_cost_hours_raw_to_synapse_stage','NetworkFolder')
INSERT INTO [dbo].[plp_parameter_value] ([parameter_code],[parameter_value],[active],[touched_by],[touched_dtm],[pipeline_code],[pipeline_sub_code])
     VALUES('Progress_Base_Hours_code','Progress Base Hours',1,'abhijit.kharat@mcdermott.com',@Date,'pl_mcpmdata_cost_hours_raw_to_synapse_stage','NetworkFolder')
INSERT INTO [dbo].[plp_parameter_value] ([parameter_code],[parameter_value],[active],[touched_by],[touched_dtm],[pipeline_code],[pipeline_sub_code])
     VALUES('unit_of_measure_code_quantity','Quantity',1,'abhijit.kharat@mcdermott.com',@Date,'pl_mcpmdata_cost_hours_raw_to_synapse_stage','NetworkFolder')
INSERT INTO [dbo].[plp_parameter_value] ([parameter_code],[parameter_value],[active],[touched_by],[touched_dtm],[pipeline_code],[pipeline_sub_code])
     VALUES('data_class_quantity_code','Quantity',1,'abhijit.kharat@mcdermott.com',@Date,'pl_mcpmdata_cost_hours_raw_to_synapse_stage','NetworkFolder')
INSERT INTO [dbo].[plp_parameter_value] ([parameter_code],[parameter_value],[active],[touched_by],[touched_dtm],[pipeline_code],[pipeline_sub_code])
     VALUES('data_class_hours_code','TIME',1,'abhijit.kharat@mcdermott.com',@Date,'pl_mcpmdata_cost_hours_raw_to_synapse_stage','NetworkFolder')
INSERT INTO [dbo].[plp_parameter_value] ([parameter_code],[parameter_value],[active],[touched_by],[touched_dtm],[pipeline_code],[pipeline_sub_code])
     VALUES('start_date','2022-03-28 00:00:00.000',1,'abhijit.kharat@mcdermott.com',@Date,'pl_mcpmdata_cost_hours_raw_to_synapse_stage','NetworkFolder')
INSERT INTO [dbo].[plp_parameter_value] ([parameter_code],[parameter_value],[active],[touched_by],[touched_dtm],[pipeline_code],[pipeline_sub_code])
     VALUES('Progress_Base_Quantity_code','Progress Base Quantity',1,'abhijit.kharat@mcdermott.com',@Date,'pl_mcpmdata_cost_hours_raw_to_synapse_stage','NetworkFolder')
INSERT INTO [dbo].[plp_parameter_value] ([parameter_code],[parameter_value],[active],[touched_by],[touched_dtm],[pipeline_code],[pipeline_sub_code])
     VALUES('Forecast_Rate_code','Forecast Rate',1,'abhijit.kharat@mcdermott.com',@Date,'pl_mcpmdata_cost_hours_raw_to_synapse_stage','NetworkFolder')
INSERT INTO [dbo].[plp_parameter_value] ([parameter_code],[parameter_value],[active],[touched_by],[touched_dtm],[pipeline_code],[pipeline_sub_code])
     VALUES('projectid','D7072',1,'abhijit.kharat@mcdermott.com',@Date,'pl_mcpmdata_cost_hours_raw_to_synapse_stage','NetworkFolder')
INSERT INTO [dbo].[plp_parameter_value] ([parameter_code],[parameter_value],[active],[touched_by],[touched_dtm],[pipeline_code],[pipeline_sub_code])
     VALUES('ACTIVITY_CODE','ZZZ',1,'abhijit.kharat@mcdermott.com',@Date,'pl_mcpmdata_cost_hours_raw_to_synapse_stage','NetworkFolder')
INSERT INTO [dbo].[plp_parameter_value] ([parameter_code],[parameter_value],[active],[touched_by],[touched_dtm],[pipeline_code],[pipeline_sub_code])
     VALUES('Estimate_To_Complete_Amount_code','Estimate To Complete Amount',1,'abhijit.kharat@mcdermott.com',@Date,'pl_mcpmdata_cost_hours_raw_to_synapse_stage','NetworkFolder')
INSERT INTO [dbo].[plp_parameter_value] ([parameter_code],[parameter_value],[active],[touched_by],[touched_dtm],[pipeline_code],[pipeline_sub_code])
     VALUES('Percentage_Complete_code','Percentage Complete',1,'abhijit.kharat@mcdermott.com',@Date,'pl_mcpmdata_cost_hours_raw_to_synapse_stage','NetworkFolder')
INSERT INTO [dbo].[plp_parameter_value] ([parameter_code],[parameter_value],[active],[touched_by],[touched_dtm],[pipeline_code],[pipeline_sub_code])
     VALUES('Committed_Hours_code','Committed Hours',1,'abhijit.kharat@mcdermott.com',@Date,'pl_mcpmdata_cost_hours_raw_to_synapse_stage','NetworkFolder')
INSERT INTO [dbo].[plp_parameter_value] ([parameter_code],[parameter_value],[active],[touched_by],[touched_dtm],[pipeline_code],[pipeline_sub_code])
     VALUES('IWP_CODE','ZZZ',1,'abhijit.kharat@mcdermott.com',@Date,'pl_mcpmdata_cost_hours_raw_to_synapse_stage','NetworkFolder')
INSERT INTO [dbo].[plp_parameter_value] ([parameter_code],[parameter_value],[active],[touched_by],[touched_dtm],[pipeline_code],[pipeline_sub_code])
     VALUES('source_code','MANUAL',1,'abhijit.kharat@mcdermott.com',@Date,'pl_mcpmdata_cost_hours_raw_to_synapse_stage','NetworkFolder')
INSERT INTO [dbo].[plp_parameter_value] ([parameter_code],[parameter_value],[active],[touched_by],[touched_dtm],[pipeline_code],[pipeline_sub_code])
     VALUES('Current_Budget_Hours_code','Current Budget Hours',1,'abhijit.kharat@mcdermott.com',@Date,'pl_mcpmdata_cost_hours_raw_to_synapse_stage','NetworkFolder')
INSERT INTO [dbo].[plp_parameter_value] ([parameter_code],[parameter_value],[active],[touched_by],[touched_dtm],[pipeline_code],[pipeline_sub_code])
     VALUES('Progress_Base_Amount_code','Progress Base Amount',1,'abhijit.kharat@mcdermott.com',@Date,'pl_mcpmdata_cost_hours_raw_to_synapse_stage','NetworkFolder')
INSERT INTO [dbo].[plp_parameter_value] ([parameter_code],[parameter_value],[active],[touched_by],[touched_dtm],[pipeline_code],[pipeline_sub_code])
     VALUES('Original_Budget_Hours_code','Original Budget Hours',1,'abhijit.kharat@mcdermott.com',@Date,'pl_mcpmdata_cost_hours_raw_to_synapse_stage','NetworkFolder')
INSERT INTO [dbo].[plp_parameter_value] ([parameter_code],[parameter_value],[active],[touched_by],[touched_dtm],[pipeline_code],[pipeline_sub_code])
     VALUES('Estimate_At_Completion_Hours_code','Estimate At Completion Hours',1,'abhijit.kharat@mcdermott.com',@Date,'pl_mcpmdata_cost_hours_raw_to_synapse_stage','NetworkFolder')
INSERT INTO [dbo].[plp_parameter_value] ([parameter_code],[parameter_value],[active],[touched_by],[touched_dtm],[pipeline_code],[pipeline_sub_code])
     VALUES('Forecast_Hours_code','Forecast Hours',1,'abhijit.kharat@mcdermott.com',@Date,'pl_mcpmdata_cost_hours_raw_to_synapse_stage','NetworkFolder')
INSERT INTO [dbo].[plp_parameter_value] ([parameter_code],[parameter_value],[active],[touched_by],[touched_dtm],[pipeline_code],[pipeline_sub_code])
     VALUES('CWP_CODE','ZZZ',1,'abhijit.kharat@mcdermott.com',@Date,'pl_mcpmdata_cost_hours_raw_to_synapse_stage','NetworkFolder')
INSERT INTO [dbo].[plp_parameter_value] ([parameter_code],[parameter_value],[active],[touched_by],[touched_dtm],[pipeline_code],[pipeline_sub_code])
     VALUES('Forecast_Quantity_code','Forecast Quantity',1,'abhijit.kharat@mcdermott.com',@Date,'pl_mcpmdata_cost_hours_raw_to_synapse_stage','NetworkFolder')
INSERT INTO [dbo].[plp_parameter_value] ([parameter_code],[parameter_value],[active],[touched_by],[touched_dtm],[pipeline_code],[pipeline_sub_code])
     VALUES('Original_Budget_Amount_code','Original Budget Amount',1,'abhijit.kharat@mcdermott.com',@Date,'pl_mcpmdata_cost_hours_raw_to_synapse_stage','NetworkFolder')
INSERT INTO [dbo].[plp_parameter_value] ([parameter_code],[parameter_value],[active],[touched_by],[touched_dtm],[pipeline_code],[pipeline_sub_code])
     VALUES('Estimate_To_Complete_Hours_code','Estimate To Complete Hours',1,'abhijit.kharat@mcdermott.com',@Date,'pl_mcpmdata_cost_hours_raw_to_synapse_stage','NetworkFolder')
INSERT INTO [dbo].[plp_parameter_value] ([parameter_code],[parameter_value],[active],[touched_by],[touched_dtm],[pipeline_code],[pipeline_sub_code])
     VALUES('Actual_Amount_code','Actual Amount',1,'abhijit.kharat@mcdermott.com',@Date,'pl_mcpmdata_cost_hours_raw_to_synapse_stage','NetworkFolder')
INSERT INTO [dbo].[plp_parameter_value] ([parameter_code],[parameter_value],[active],[touched_by],[touched_dtm],[pipeline_code],[pipeline_sub_code])
     VALUES('Estimate_To_Complete_Rate_code','Estimate To Complete Rate',1,'abhijit.kharat@mcdermott.com',@Date,'pl_mcpmdata_cost_hours_raw_to_synapse_stage','NetworkFolder')
INSERT INTO [dbo].[plp_parameter_value] ([parameter_code],[parameter_value],[active],[touched_by],[touched_dtm],[pipeline_code],[pipeline_sub_code])
     VALUES('function_code','PMC',1,'abhijit.kharat@mcdermott.com',@Date,'pl_mcpmdata_cost_hours_raw_to_synapse_stage','NetworkFolder')
INSERT INTO [dbo].[plp_parameter_value] ([parameter_code],[parameter_value],[active],[touched_by],[touched_dtm],[pipeline_code],[pipeline_sub_code])
     VALUES('end_date','currdate',1,'abhijit.kharat@mcdermott.com',@Date,'pl_mcpmdata_cost_hours_raw_to_synapse_stage','NetworkFolder')
INSERT INTO [dbo].[plp_parameter_value] ([parameter_code],[parameter_value],[active],[touched_by],[touched_dtm],[pipeline_code],[pipeline_sub_code])
     VALUES('pim_code','ZZZ',1,'abhijit.kharat@mcdermott.com',@Date,'pl_mcpmdata_cost_hours_raw_to_synapse_stage','NetworkFolder')
INSERT INTO [dbo].[plp_parameter_value] ([parameter_code],[parameter_value],[active],[touched_by],[touched_dtm],[pipeline_code],[pipeline_sub_code])
     VALUES('Current_Budget_Quantity_code','Current Budget Quantity',1,'abhijit.kharat@mcdermott.com',@Date,'pl_mcpmdata_cost_hours_raw_to_synapse_stage','NetworkFolder')
INSERT INTO [dbo].[plp_parameter_value] ([parameter_code],[parameter_value],[active],[touched_by],[touched_dtm],[pipeline_code],[pipeline_sub_code])
     VALUES('Estimate_At_Completion_Amount_code','Estimate At Completion Amount',1,'abhijit.kharat@mcdermott.com',@Date,'pl_mcpmdata_cost_hours_raw_to_synapse_stage','NetworkFolder')
INSERT INTO [dbo].[plp_parameter_value] ([parameter_code],[parameter_value],[active],[touched_by],[touched_dtm],[pipeline_code],[pipeline_sub_code])
     VALUES('Take_Off_Hours_code','Take-Off Hours',1,'abhijit.kharat@mcdermott.com',@Date,'pl_mcpmdata_cost_hours_raw_to_synapse_stage','NetworkFolder')
INSERT INTO [dbo].[plp_parameter_value] ([parameter_code],[parameter_value],[active],[touched_by],[touched_dtm],[pipeline_code],[pipeline_sub_code])
     VALUES('SCHEDULE_RESOURCE_CODE','ZZZ',1,'abhijit.kharat@mcdermott.com',@Date,'pl_mcpmdata_cost_hours_raw_to_synapse_stage','NetworkFolder')
INSERT INTO [dbo].[plp_parameter_value] ([parameter_code],[parameter_value],[active],[touched_by],[touched_dtm],[pipeline_code],[pipeline_sub_code])
     VALUES('Committed_Amount_code','Committed Amount',1,'abhijit.kharat@mcdermott.com',@Date,'pl_mcpmdata_cost_hours_raw_to_synapse_stage','NetworkFolder')
INSERT INTO [dbo].[plp_parameter_value] ([parameter_code],[parameter_value],[active],[touched_by],[touched_dtm],[pipeline_code],[pipeline_sub_code])
     VALUES('Earned_Amount_code','Earned Amount',1,'abhijit.kharat@mcdermott.com',@Date,'pl_mcpmdata_cost_hours_raw_to_synapse_stage','NetworkFolder')
INSERT INTO [dbo].[plp_parameter_value] ([parameter_code],[parameter_value],[active],[touched_by],[touched_dtm],[pipeline_code],[pipeline_sub_code])
     VALUES('sub_source_code','Excel_MCPM_Cost',1,'abhijit.kharat@mcdermott.com',@Date,'pl_mcpmdata_cost_hours_raw_to_synapse_stage','NetworkFolder')
INSERT INTO [dbo].[plp_parameter_value] ([parameter_code],[parameter_value],[active],[touched_by],[touched_dtm],[pipeline_code],[pipeline_sub_code])
     VALUES('roc_code','ZZZ',1,'abhijit.kharat@mcdermott.com',@Date,'pl_mcpmdata_cost_hours_raw_to_synapse_stage','NetworkFolder')
INSERT INTO [dbo].[plp_parameter_value] ([parameter_code],[parameter_value],[active],[touched_by],[touched_dtm],[pipeline_code],[pipeline_sub_code])
     VALUES('Earned_Hours_code','Earned Hours',1,'abhijit.kharat@mcdermott.com',@Date,'pl_mcpmdata_cost_hours_raw_to_synapse_stage','NetworkFolder')
INSERT INTO [dbo].[plp_parameter_value] ([parameter_code],[parameter_value],[active],[touched_by],[touched_dtm],[pipeline_code],[pipeline_sub_code])
     VALUES('end_date','currdate',1,'abhijit.kharat@mcdermott.com',@Date,'pl_mcpmdata_cost_hours_source_to_stage','NetworkFolder')
INSERT INTO [dbo].[plp_parameter_value] ([parameter_code],[parameter_value],[active],[touched_by],[touched_dtm],[pipeline_code],[pipeline_sub_code])
     VALUES('file_system','mdr-staging-data',1,'abhijit.kharat@mcdermott.com',@Date,'pl_mcpmdata_cost_hours_source_to_stage','NetworkFolder')
INSERT INTO [dbo].[plp_parameter_value] ([parameter_code],[parameter_value],[active],[touched_by],[touched_dtm],[pipeline_code],[pipeline_sub_code])
     VALUES('source_directory','QA/NCSA Operational/MCPM_Legacy/Cost_Hours',1,'abhijit.kharat@mcdermott.com',@Date,'pl_mcpmdata_cost_hours_source_to_stage','NetworkFolder')
INSERT INTO [dbo].[plp_parameter_value] ([parameter_code],[parameter_value],[active],[touched_by],[touched_dtm],[pipeline_code],[pipeline_sub_code])
     VALUES('start_date','2022-03-30 10:31:38',1,'abhijit.kharat@mcdermott.com',@Date,'pl_mcpmdata_cost_hours_source_to_stage','NetworkFolder')
INSERT INTO [dbo].[plp_parameter_value] ([parameter_code],[parameter_value],[active],[touched_by],[touched_dtm],[pipeline_code],[pipeline_sub_code])
     VALUES('file_name','mcpmdata_cost_hour',1,'abhijit.kharat@mcdermott.com',@Date,'pl_mcpmdata_cost_hours_source_to_stage','NetworkFolder')
INSERT INTO [dbo].[plp_parameter_value] ([parameter_code],[parameter_value],[active],[touched_by],[touched_dtm],[pipeline_code],[pipeline_sub_code])
     VALUES('excel_file_name','*',1,'abhijit.kharat@mcdermott.com',@Date,'pl_mcpmdata_cost_hours_source_to_stage','NetworkFolder')
INSERT INTO [dbo].[plp_parameter_value] ([parameter_code],[parameter_value],[active],[touched_by],[touched_dtm],[pipeline_code],[pipeline_sub_code])
     VALUES('folder_path','Project_Data/NCSA/MCPM_Legacy/Cost_Hours',1,'abhijit.kharat@mcdermott.com',@Date,'pl_mcpmdata_cost_hours_source_to_stage','NetworkFolder')
INSERT INTO [dbo].[plp_parameter_value] ([parameter_code],[parameter_value],[active],[touched_by],[touched_dtm],[pipeline_code],[pipeline_sub_code])
     VALUES('file_name','mcpmdata_cost_hour',1,'abhijit.kharat@mcdermott.com',@Date,'pl_mcpmdata_cost_hours_stage_raw','NetworkFolder')
INSERT INTO [dbo].[plp_parameter_value] ([parameter_code],[parameter_value],[active],[touched_by],[touched_dtm],[pipeline_code],[pipeline_sub_code])
     VALUES('lastrundate','2022-03-28 06:45:29.731',1,'abhijit.kharat@mcdermott.com',@Date,'pl_mcpmdata_cost_hours_stage_raw','NetworkFolder')
INSERT INTO [dbo].[plp_parameter_value] ([parameter_code],[parameter_value],[active],[touched_by],[touched_dtm],[pipeline_code],[pipeline_sub_code])
     VALUES('folder_path','Project_Data/NCSA/MCPM_Legacy/Cost_Hours',1,'abhijit.kharat@mcdermott.com',@Date,'pl_mcpmdata_cost_hours_stage_raw','NetworkFolder')
INSERT INTO [dbo].[plp_parameter_value] ([parameter_code],[parameter_value],[active],[touched_by],[touched_dtm],[pipeline_code],[pipeline_sub_code])
     VALUES('file_system','mdr-raw-data',1,'abhijit.kharat@mcdermott.com',@Date,'pl_mcpmdata_cost_hours_stage_raw','NetworkFolder')


declare @count int				
declare @next_val int;				
select @count = count(*) from dbo.plp_pipeline_details Where pipeline_code = 'pl_mcpmdata_cost_hours_master_pipeline' and stage_table_name = 'gpd.NCSA_MCPM_offshore' and reprocessing_table_name = 'gpd.reprocess_NCSA_MCPM_Legacy'
	if isnull(@count,0) = 0
begin
		insert into dbo.plp_pipeline_details(pipeline_code,stage_table_name,reprocessing_table_name,target_table_name)
	 values ('pl_mcpmdata_cost_hours_master_pipeline','gpd.NCSA_MCPM_Legacy','gpd.reprocess_NCSA_MCPM_Legacy','dbo.fact_ops')
 end

 

